"customer_id","predicted_probability","rank"
31346,0.992,1
27862,0.984,2
23286,0.982,3
23323,0.982,4
15080,0.98,5
30718,0.98,6
29730,0.98,7
30592,0.98,8
9795,0.974,9
32332,0.974,10
17695,0.972,11
6476,0.97,12
17489,0.97,13
29541,0.968,14
36863,0.968,15
12447,0.964,16
23714,0.962,17
10279,0.962,18
24098,0.962,19
17881,0.96,20
34263,0.96,21
21628,0.96,22
24799,0.96,23
29214,0.96,24
29598,0.96,25
35541,0.956,26
29131,0.956,27
28154,0.954,28
29998,0.952,29
5124,0.95,30
21800,0.95,31
14293,0.948,32
29743,0.948,33
16605,0.948,34
29280,0.946,35
24682,0.946,36
22425,0.946,37
29659,0.944,38
12962,0.944,39
14181,0.944,40
4422,0.942,41
21015,0.942,42
17118,0.938,43
30614,0.938,44
10501,0.938,45
39498,0.938,46
22051,0.936,47
29839,0.932,48
34309,0.932,49
32319,0.932,50
14986,0.93,51
13686,0.928,52
17081,0.928,53
22515,0.926,54
23968,0.926,55
16907,0.926,56
37853,0.926,57
29113,0.924,58
22053,0.922,59
16327,0.922,60
21657,0.922,61
9460,0.922,62
30666,0.922,63
22199,0.922,64
28798,0.92,65
16190,0.92,66
17803,0.92,67
16157,0.92,68
32497,0.92,69
29682,0.918,70
7720,0.918,71
31540,0.916,72
21696,0.916,73
26922,0.914,74
17409,0.914,75
30915,0.912,76
30998,0.912,77
31236,0.91,78
19400,0.91,79
22147,0.91,80
31680,0.908,81
29804,0.908,82
32207,0.904,83
30863,0.904,84
29572,0.904,85
12248,0.902,86
12944,0.9,87
31718,0.898,88
32290,0.898,89
34148,0.896,90
31827,0.896,91
22128,0.896,92
28794,0.896,93
28685,0.896,94
12417,0.894,95
27819,0.894,96
954,0.892,97
12756,0.892,98
31301,0.892,99
23985,0.892,100
16923,0.89,101
21629,0.89,102
4693,0.888,103
6307,0.888,104
22371,0.884,105
12535,0.884,106
30781,0.88,107
31818,0.88,108
34477,0.878,109
28899,0.876,110
16919,0.876,111
17754,0.874,112
22483,0.874,113
6154,0.872,114
32977,0.872,115
31363,0.872,116
30974,0.87,117
17401,0.864,118
35988,0.864,119
21735,0.862,120
28426,0.862,121
10826,0.86,122
16906,0.86,123
28415,0.86,124
34009,0.86,125
21655,0.858,126
40530,0.858,127
17866,0.858,128
36065,0.858,129
34784,0.856,130
28634,0.852,131
16926,0.85,132
25508,0.85,133
22671,0.85,134
15793,0.846,135
21498,0.846,136
10000,0.84,137
18751,0.84,138
23353,0.838,139
22393,0.836,140
33766,0.834,141
23605,0.832,142
38479,0.832,143
18181,0.832,144
18534,0.83,145
1663,0.826,146
34789,0.822,147
13305,0.82,148
21325,0.818,149
34108,0.816,150
32546,0.816,151
23417,0.814,152
15900,0.814,153
23430,0.814,154
28792,0.808,155
30897,0.808,156
27491,0.806,157
10457,0.804,158
39178,0.802,159
9835,0.798,160
31618,0.798,161
5817,0.794,162
26278,0.794,163
33514,0.792,164
17877,0.792,165
34460,0.79,166
29814,0.788,167
21519,0.786,168
34496,0.786,169
40773,0.786,170
32438,0.784,171
16464,0.782,172
1086,0.782,173
38278,0.78,174
38277,0.778,175
22600,0.776,176
10119,0.774,177
22564,0.772,178
1110,0.77,179
10140,0.77,180
22271,0.764,181
24948,0.764,182
27641,0.764,183
34201,0.762,184
19307,0.758,185
27682,0.758,186
9758,0.758,187
34145,0.758,188
33728,0.754,189
10782,0.754,190
16911,0.754,191
22834,0.752,192
12019,0.752,193
36748,0.75,194
20084,0.748,195
31587,0.746,196
3103,0.742,197
10028,0.742,198
12982,0.736,199
11151,0.736,200
4505,0.734,201
6358,0.734,202
17221,0.732,203
26788,0.73,204
11311,0.73,205
2893,0.728,206
10528,0.728,207
4030,0.728,208
17990,0.726,209
4230,0.724,210
4126,0.724,211
15606,0.722,212
32697,0.722,213
8836,0.72,214
40723,0.718,215
13602,0.718,216
37480,0.718,217
36769,0.718,218
29036,0.718,219
9854,0.716,220
6433,0.716,221
9334,0.716,222
4918,0.716,223
4739,0.714,224
9366,0.712,225
6127,0.712,226
28408,0.71,227
7693,0.71,228
2680,0.71,229
39733,0.708,230
11090,0.708,231
23736,0.706,232
33309,0.704,233
34565,0.704,234
6360,0.7,235
22011,0.7,236
23481,0.698,237
13951,0.696,238
16634,0.692,239
4121,0.69,240
7697,0.69,241
4665,0.69,242
3263,0.69,243
17248,0.688,244
9132,0.688,245
23734,0.686,246
21736,0.684,247
36471,0.684,248
3859,0.678,249
2448,0.676,250
24924,0.674,251
13789,0.674,252
29679,0.672,253
6163,0.672,254
2726,0.67,255
2615,0.67,256
40305,0.668,257
31181,0.668,258
33328,0.666,259
11978,0.666,260
3545,0.666,261
21741,0.666,262
11532,0.664,263
22184,0.66,264
26718,0.66,265
2205,0.658,266
40031,0.658,267
38444,0.658,268
36475,0.658,269
2641,0.656,270
2791,0.656,271
12618,0.656,272
2549,0.654,273
3575,0.654,274
21375,0.654,275
28799,0.652,276
3501,0.652,277
13901,0.652,278
11726,0.652,279
36925,0.65,280
3939,0.65,281
36113,0.648,282
11700,0.648,283
8235,0.644,284
32978,0.644,285
2704,0.644,286
36715,0.642,287
19155,0.642,288
31716,0.64,289
38190,0.638,290
13073,0.634,291
18522,0.634,292
28951,0.632,293
14460,0.632,294
23561,0.632,295
14946,0.63,296
2509,0.63,297
3287,0.63,298
11623,0.63,299
2794,0.63,300
39002,0.628,301
17626,0.628,302
38757,0.628,303
31802,0.626,304
19614,0.626,305
2476,0.624,306
16881,0.624,307
39987,0.624,308
13441,0.622,309
22792,0.62,310
9908,0.62,311
7600,0.618,312
37405,0.616,313
16425,0.616,314
8574,0.614,315
8863,0.61,316
19895,0.61,317
2063,0.606,318
6380,0.598,319
37451,0.594,320
2424,0.59,321
11567,0.59,322
33890,0.586,323
15297,0.582,324
35901,0.58,325
35094,0.578,326
36808,0.576,327
33956,0.576,328
34279,0.574,329
23618,0.572,330
36441,0.572,331
12208,0.566,332
3215,0.56,333
35200,0.558,334
36180,0.558,335
36487,0.558,336
1739,0.546,337
39412,0.544,338
35040,0.534,339
11965,0.534,340
26682,0.534,341
18878,0.53,342
13519,0.53,343
10328,0.52,344
40832,0.512,345
33760,0.504,346
22228,0.504,347
5133,0.496,348
5462,0.496,349
22701,0.492,350
16895,0.492,351
21624,0.49,352
35729,0.488,353
11685,0.486,354
3121,0.484,355
5921,0.474,356
36889,0.474,357
6741,0.472,358
10644,0.47,359
10755,0.47,360
13875,0.466,361
11242,0.464,362
6548,0.464,363
40622,0.46,364
37231,0.458,365
31419,0.452,366
20983,0.448,367
31370,0.442,368
15415,0.442,369
32678,0.44,370
828,0.438,371
36664,0.438,372
28430,0.438,373
18125,0.436,374
25217,0.434,375
22565,0.43,376
9268,0.43,377
26771,0.428,378
30580,0.426,379
31887,0.422,380
36763,0.42,381
28125,0.42,382
6612,0.418,383
10658,0.416,384
30887,0.412,385
22869,0.412,386
11854,0.412,387
16739,0.41,388
39825,0.408,389
13001,0.398,390
15470,0.392,391
30765,0.388,392
33505,0.386,393
408,0.384,394
17341,0.38,395
2612,0.38,396
10657,0.376,397
26373,0.376,398
31991,0.376,399
9233,0.372,400
9493,0.372,401
39158,0.37,402
25570,0.37,403
13592,0.368,404
13267,0.368,405
35076,0.366,406
35203,0.366,407
11240,0.362,408
3272,0.36,409
6011,0.354,410
9558,0.354,411
6407,0.354,412
10396,0.35,413
26828,0.35,414
23110,0.348,415
8820,0.346,416
13917,0.346,417
15845,0.346,418
41852,0.346,419
10588,0.344,420
10547,0.342,421
41301,0.338,422
256,0.336,423
29590,0.334,424
9973,0.332,425
2333,0.33,426
21315,0.33,427
10443,0.328,428
30186,0.328,429
9560,0.328,430
4683,0.326,431
9188,0.326,432
28413,0.326,433
11259,0.326,434
3677,0.322,435
29486,0.322,436
8844,0.32,437
2778,0.318,438
3204,0.318,439
27158,0.318,440
16444,0.316,441
10710,0.314,442
3368,0.312,443
23380,0.312,444
3280,0.308,445
21652,0.308,446
3871,0.306,447
23343,0.304,448
34820,0.304,449
22278,0.304,450
13236,0.3,451
26993,0.3,452
6122,0.3,453
4564,0.298,454
18104,0.296,455
26739,0.296,456
36257,0.296,457
13687,0.296,458
12851,0.296,459
33230,0.296,460
23721,0.294,461
21301,0.294,462
40899,0.292,463
10080,0.288,464
2469,0.288,465
15824,0.288,466
2952,0.286,467
4933,0.286,468
3193,0.286,469
2822,0.282,470
23401,0.28,471
38818,0.28,472
20252,0.276,473
3359,0.274,474
13423,0.274,475
8708,0.274,476
5361,0.274,477
29949,0.274,478
4808,0.272,479
40171,0.272,480
27280,0.272,481
16532,0.27,482
5699,0.27,483
38590,0.27,484
11241,0.27,485
16285,0.27,486
39184,0.268,487
6263,0.268,488
13093,0.268,489
13402,0.266,490
30693,0.262,491
8196,0.262,492
32566,0.262,493
14453,0.258,494
3233,0.258,495
34184,0.256,496
3903,0.256,497
312,0.254,498
39696,0.254,499
236,0.254,500
21242,0.252,501
34489,0.252,502
4371,0.252,503
21168,0.25,504
13545,0.25,505
17837,0.25,506
3668,0.248,507
11646,0.248,508
23468,0.246,509
21377,0.246,510
319,0.246,511
11516,0.246,512
11210,0.244,513
9844,0.242,514
28327,0.242,515
4211,0.242,516
11511,0.24,517
14081,0.238,518
21224,0.238,519
11637,0.238,520
30510,0.236,521
3389,0.234,522
27575,0.234,523
27653,0.232,524
4042,0.232,525
13036,0.232,526
9235,0.232,527
15966,0.23,528
9780,0.23,529
326,0.23,530
5713,0.23,531
12889,0.23,532
27644,0.23,533
2883,0.228,534
3264,0.226,535
16559,0.226,536
10116,0.226,537
2517,0.222,538
6538,0.222,539
6074,0.222,540
24226,0.222,541
16811,0.222,542
41276,0.222,543
3038,0.22,544
13450,0.218,545
3797,0.218,546
9324,0.216,547
16315,0.216,548
6331,0.216,549
1214,0.214,550
21023,0.214,551
9581,0.214,552
11773,0.214,553
39292,0.214,554
4097,0.214,555
40734,0.21,556
5425,0.21,557
2494,0.21,558
4090,0.21,559
6303,0.208,560
39164,0.208,561
4265,0.208,562
39299,0.208,563
9319,0.208,564
38937,0.208,565
77,0.206,566
6076,0.206,567
29058,0.206,568
13186,0.204,569
6507,0.204,570
9946,0.204,571
6522,0.204,572
9318,0.204,573
38699,0.204,574
7258,0.204,575
6591,0.202,576
18473,0.202,577
21179,0.202,578
3269,0.2,579
27090,0.2,580
8768,0.198,581
23558,0.198,582
12071,0.198,583
2112,0.196,584
3599,0.196,585
26763,0.194,586
8951,0.194,587
21445,0.194,588
2499,0.192,589
25099,0.192,590
3261,0.192,591
2578,0.19,592
6745,0.19,593
9064,0.188,594
8998,0.188,595
13006,0.188,596
10198,0.188,597
28787,0.186,598
29865,0.186,599
10766,0.186,600
27886,0.186,601
21267,0.186,602
13537,0.186,603
3576,0.186,604
8977,0.186,605
38850,0.184,606
4769,0.184,607
21773,0.184,608
5149,0.184,609
22780,0.18,610
6769,0.18,611
9225,0.18,612
9385,0.18,613
8841,0.18,614
5162,0.178,615
10581,0.178,616
13082,0.178,617
23542,0.178,618
3741,0.176,619
13126,0.176,620
6737,0.174,621
35963,0.174,622
15350,0.174,623
21046,0.174,624
3206,0.174,625
9572,0.174,626
27014,0.174,627
21175,0.172,628
7334,0.172,629
3878,0.172,630
4123,0.172,631
6359,0.172,632
4957,0.172,633
26043,0.172,634
9377,0.172,635
41109,0.17,636
40355,0.17,637
364,0.17,638
9673,0.168,639
40228,0.168,640
41397,0.168,641
3079,0.168,642
21084,0.166,643
26686,0.166,644
9797,0.166,645
6535,0.166,646
23556,0.164,647
33541,0.164,648
35291,0.164,649
3732,0.164,650
4490,0.162,651
10928,0.162,652
2614,0.162,653
3577,0.162,654
2516,0.162,655
33480,0.162,656
2545,0.16,657
9300,0.16,658
12920,0.16,659
8731,0.158,660
3790,0.158,661
9765,0.156,662
39259,0.156,663
27151,0.156,664
9125,0.156,665
8876,0.156,666
10570,0.156,667
20644,0.156,668
21226,0.156,669
9981,0.154,670
9812,0.154,671
4719,0.154,672
4095,0.154,673
701,0.154,674
16171,0.152,675
273,0.152,676
39397,0.152,677
40563,0.152,678
11974,0.152,679
2892,0.152,680
13548,0.15,681
10162,0.15,682
6524,0.15,683
252,0.15,684
31491,0.148,685
29985,0.148,686
21030,0.148,687
2951,0.148,688
21186,0.148,689
23677,0.148,690
17018,0.148,691
9170,0.148,692
6019,0.146,693
41118,0.146,694
3638,0.146,695
5473,0.146,696
6719,0.146,697
13052,0.146,698
27238,0.146,699
8888,0.144,700
11622,0.144,701
6173,0.144,702
31853,0.144,703
4523,0.142,704
3708,0.142,705
26209,0.142,706
27584,0.142,707
12933,0.142,708
3662,0.142,709
29455,0.142,710
6042,0.142,711
11496,0.142,712
3649,0.14,713
33685,0.14,714
24314,0.14,715
15958,0.14,716
28877,0.14,717
9922,0.14,718
28556,0.14,719
10556,0.14,720
21387,0.138,721
10535,0.138,722
10004,0.138,723
9833,0.138,724
32337,0.138,725
22048,0.138,726
2826,0.138,727
3055,0.138,728
8963,0.136,729
6338,0.136,730
40735,0.136,731
11034,0.136,732
12960,0.136,733
29966,0.136,734
3315,0.136,735
10192,0.136,736
13375,0.134,737
2657,0.134,738
11378,0.134,739
26803,0.134,740
2956,0.134,741
10921,0.134,742
35849,0.134,743
2880,0.134,744
36049,0.134,745
23382,0.132,746
21101,0.132,747
20790,0.132,748
29566,0.132,749
15765,0.132,750
9108,0.132,751
13107,0.13,752
39118,0.13,753
3807,0.13,754
29903,0.13,755
18356,0.13,756
16191,0.128,757
3427,0.128,758
6254,0.128,759
4132,0.128,760
7458,0.128,761
6865,0.128,762
1567,0.128,763
2452,0.126,764
32981,0.126,765
7670,0.126,766
29122,0.126,767
4314,0.126,768
13320,0.126,769
30654,0.126,770
6872,0.126,771
13011,0.126,772
27246,0.124,773
13477,0.124,774
4678,0.124,775
4092,0.122,776
11219,0.122,777
4929,0.122,778
39136,0.122,779
6979,0.122,780
23610,0.122,781
34025,0.122,782
35195,0.12,783
32711,0.12,784
12283,0.12,785
10579,0.12,786
9435,0.12,787
30683,0.12,788
10647,0.118,789
9976,0.118,790
15732,0.118,791
30379,0.118,792
8834,0.118,793
27007,0.118,794
20147,0.118,795
26807,0.118,796
2373,0.118,797
22974,0.116,798
6107,0.116,799
61,0.116,800
8854,0.116,801
8689,0.116,802
27482,0.116,803
4820,0.116,804
12175,0.116,805
5697,0.116,806
2466,0.116,807
8757,0.116,808
26955,0.114,809
4585,0.114,810
2742,0.114,811
3172,0.114,812
38871,0.114,813
26932,0.114,814
23784,0.114,815
21255,0.112,816
30848,0.112,817
3616,0.112,818
37855,0.112,819
17199,0.112,820
13089,0.112,821
5788,0.112,822
15451,0.112,823
1903,0.112,824
29975,0.112,825
13076,0.11,826
21561,0.11,827
27270,0.11,828
12070,0.11,829
28455,0.11,830
10422,0.11,831
23387,0.11,832
18885,0.11,833
5628,0.11,834
15949,0.11,835
38362,0.11,836
26964,0.11,837
9238,0.108,838
37127,0.108,839
2395,0.108,840
2536,0.108,841
9686,0.108,842
40486,0.108,843
3247,0.108,844
13472,0.106,845
13291,0.106,846
23327,0.106,847
3734,0.104,848
6101,0.104,849
24829,0.104,850
1333,0.104,851
3654,0.104,852
10735,0.102,853
10292,0.102,854
2663,0.102,855
10536,0.102,856
36737,0.102,857
24201,0.102,858
38518,0.102,859
9409,0.102,860
29806,0.102,861
13033,0.102,862
10552,0.102,863
23598,0.102,864
21207,0.102,865
10860,0.102,866
38856,0.102,867
27038,0.1,868
5020,0.1,869
22001,0.1,870
10555,0.1,871
32309,0.1,872
12102,0.1,873
21034,0.1,874
1575,0.1,875
24097,0.098,876
4258,0.098,877
13165,0.098,878
18967,0.098,879
10398,0.098,880
20758,0.098,881
22996,0.098,882
21559,0.098,883
6527,0.098,884
41454,0.098,885
11451,0.098,886
11979,0.096,887
27697,0.096,888
16990,0.096,889
40276,0.096,890
22679,0.096,891
11921,0.096,892
20554,0.096,893
13133,0.096,894
5282,0.096,895
32537,0.094,896
21938,0.094,897
25113,0.094,898
14253,0.094,899
2204,0.094,900
21068,0.094,901
12284,0.094,902
27236,0.094,903
26023,0.094,904
15486,0.094,905
26454,0.094,906
38733,0.094,907
17127,0.094,908
34591,0.092,909
26798,0.092,910
23410,0.092,911
25664,0.092,912
32647,0.092,913
2458,0.092,914
30003,0.092,915
5035,0.092,916
3907,0.092,917
24538,0.092,918
38519,0.092,919
21036,0.092,920
9730,0.092,921
13314,0.092,922
40478,0.092,923
9123,0.09,924
20114,0.09,925
16669,0.09,926
33223,0.09,927
3142,0.09,928
25032,0.09,929
34026,0.09,930
30170,0.09,931
34556,0.09,932
23637,0.09,933
34283,0.09,934
41744,0.09,935
28047,0.09,936
8754,0.09,937
14484,0.088,938
6012,0.088,939
6436,0.088,940
36116,0.088,941
36783,0.088,942
17358,0.088,943
40101,0.088,944
40752,0.088,945
5057,0.088,946
12083,0.088,947
10995,0.088,948
14135,0.088,949
12530,0.086,950
7724,0.086,951
3391,0.086,952
25234,0.086,953
3155,0.086,954
21484,0.086,955
26881,0.086,956
16512,0.086,957
12702,0.086,958
10141,0.086,959
41509,0.086,960
4697,0.084,961
26793,0.084,962
3438,0.084,963
16897,0.084,964
31499,0.084,965
19562,0.084,966
22847,0.084,967
35850,0.084,968
41040,0.084,969
2295,0.084,970
9702,0.084,971
6281,0.084,972
5934,0.084,973
9721,0.082,974
9588,0.082,975
6603,0.082,976
20458,0.082,977
9594,0.082,978
3154,0.082,979
9520,0.082,980
14032,0.082,981
4898,0.082,982
20214,0.082,983
37594,0.082,984
11001,0.082,985
38900,0.082,986
40713,0.082,987
10026,0.082,988
20809,0.082,989
6703,0.082,990
25798,0.08,991
6903,0.08,992
36595,0.08,993
34954,0.08,994
4187,0.08,995
34237,0.08,996
13373,0.08,997
25857,0.08,998
2961,0.08,999
24309,0.08,1000
42047,0.08,1001
25315,0.08,1002
39966,0.08,1003
17379,0.08,1004
20558,0.08,1005
30089,0.08,1006
1572,0.08,1007
4844,0.08,1008
34840,0.08,1009
33604,0.078,1010
33657,0.078,1011
2978,0.078,1012
9440,0.078,1013
22989,0.078,1014
30399,0.078,1015
41920,0.078,1016
23518,0.078,1017
11714,0.078,1018
23350,0.078,1019
27169,0.078,1020
40582,0.078,1021
24191,0.076,1022
1719,0.076,1023
11591,0.076,1024
19266,0.076,1025
9810,0.076,1026
9444,0.076,1027
2413,0.076,1028
6681,0.076,1029
16336,0.076,1030
12917,0.076,1031
4575,0.076,1032
3436,0.076,1033
41236,0.076,1034
23573,0.076,1035
21604,0.076,1036
20686,0.076,1037
39391,0.076,1038
9969,0.076,1039
40110,0.076,1040
13257,0.076,1041
17362,0.076,1042
22113,0.074,1043
10071,0.074,1044
17226,0.074,1045
29057,0.074,1046
19033,0.074,1047
32934,0.074,1048
18014,0.074,1049
3021,0.074,1050
27957,0.074,1051
38119,0.074,1052
15688,0.074,1053
27153,0.074,1054
42007,0.074,1055
22301,0.074,1056
10748,0.074,1057
17324,0.074,1058
42061,0.074,1059
22542,0.074,1060
22648,0.074,1061
2621,0.074,1062
9323,0.072,1063
12522,0.072,1064
26499,0.072,1065
9767,0.072,1066
39191,0.072,1067
24484,0.072,1068
6571,0.072,1069
19841,0.072,1070
3262,0.072,1071
35201,0.072,1072
8408,0.072,1073
32402,0.072,1074
27319,0.072,1075
5807,0.072,1076
6491,0.072,1077
15118,0.072,1078
4158,0.072,1079
21246,0.072,1080
40050,0.072,1081
32158,0.072,1082
32301,0.07,1083
40452,0.07,1084
11636,0.07,1085
24063,0.07,1086
3137,0.07,1087
17933,0.07,1088
12498,0.07,1089
5172,0.07,1090
41610,0.07,1091
31331,0.07,1092
42019,0.07,1093
32053,0.07,1094
27089,0.07,1095
16473,0.07,1096
6670,0.07,1097
13101,0.07,1098
5366,0.07,1099
31387,0.07,1100
14106,0.07,1101
20329,0.07,1102
24576,0.07,1103
20702,0.07,1104
26709,0.07,1105
37248,0.068,1106
9422,0.068,1107
30215,0.068,1108
2491,0.068,1109
20804,0.068,1110
13118,0.068,1111
32257,0.068,1112
31136,0.068,1113
12533,0.068,1114
36210,0.068,1115
1628,0.068,1116
2462,0.068,1117
3481,0.068,1118
14097,0.068,1119
41486,0.068,1120
18894,0.068,1121
4493,0.068,1122
17921,0.068,1123
32501,0.068,1124
39190,0.066,1125
23338,0.066,1126
298,0.066,1127
22919,0.066,1128
16873,0.066,1129
19746,0.066,1130
7906,0.066,1131
15532,0.066,1132
14865,0.066,1133
24988,0.066,1134
21916,0.066,1135
6710,0.066,1136
40504,0.066,1137
25227,0.066,1138
13387,0.066,1139
13690,0.066,1140
13632,0.066,1141
5400,0.066,1142
21953,0.066,1143
1512,0.066,1144
13228,0.066,1145
27963,0.064,1146
4922,0.064,1147
7168,0.064,1148
26137,0.064,1149
10130,0.064,1150
2267,0.064,1151
9343,0.064,1152
10361,0.064,1153
21347,0.064,1154
4666,0.064,1155
14652,0.064,1156
19311,0.064,1157
28688,0.064,1158
37628,0.064,1159
12387,0.064,1160
20726,0.064,1161
13721,0.064,1162
29540,0.064,1163
16484,0.064,1164
8537,0.064,1165
13014,0.062,1166
22473,0.062,1167
38339,0.062,1168
10811,0.062,1169
17094,0.062,1170
2391,0.062,1171
18723,0.062,1172
33128,0.062,1173
32757,0.062,1174
2770,0.062,1175
30246,0.062,1176
32430,0.062,1177
36354,0.062,1178
20074,0.062,1179
3699,0.062,1180
20708,0.062,1181
30819,0.062,1182
17009,0.062,1183
13053,0.06,1184
3208,0.06,1185
19495,0.06,1186
13259,0.06,1187
40896,0.06,1188
40945,0.06,1189
37080,0.06,1190
23695,0.06,1191
8141,0.06,1192
9732,0.06,1193
40433,0.06,1194
21073,0.06,1195
6583,0.06,1196
9148,0.06,1197
30731,0.06,1198
6549,0.06,1199
17773,0.06,1200
25511,0.06,1201
14571,0.06,1202
14235,0.06,1203
19912,0.058,1204
34959,0.058,1205
29211,0.058,1206
29722,0.058,1207
40714,0.058,1208
25696,0.058,1209
9465,0.058,1210
35367,0.058,1211
26576,0.058,1212
5488,0.058,1213
9384,0.058,1214
41250,0.058,1215
6783,0.058,1216
32105,0.058,1217
14983,0.058,1218
1010,0.058,1219
2633,0.058,1220
13645,0.058,1221
23321,0.058,1222
30043,0.058,1223
39317,0.058,1224
9580,0.058,1225
9867,0.058,1226
27017,0.058,1227
14320,0.058,1228
33597,0.058,1229
1873,0.058,1230
24572,0.058,1231
17040,0.058,1232
6306,0.058,1233
14893,0.058,1234
21527,0.058,1235
9695,0.058,1236
23333,0.056,1237
10941,0.056,1238
37189,0.056,1239
23953,0.056,1240
33308,0.056,1241
5493,0.056,1242
10095,0.056,1243
21335,0.056,1244
22992,0.056,1245
35403,0.056,1246
7810,0.056,1247
41037,0.056,1248
13573,0.056,1249
3825,0.056,1250
23564,0.056,1251
6142,0.056,1252
21354,0.056,1253
19619,0.056,1254
2471,0.056,1255
12682,0.056,1256
13219,0.056,1257
35943,0.056,1258
38244,0.056,1259
27513,0.056,1260
16433,0.056,1261
37443,0.054,1262
14162,0.054,1263
12576,0.054,1264
20840,0.054,1265
37368,0.054,1266
27369,0.054,1267
15591,0.054,1268
17428,0.054,1269
37856,0.054,1270
9061,0.054,1271
5557,0.054,1272
26995,0.054,1273
15762,0.054,1274
21281,0.054,1275
39816,0.054,1276
15957,0.054,1277
33915,0.054,1278
7146,0.054,1279
5190,0.054,1280
41583,0.054,1281
2640,0.054,1282
36434,0.054,1283
23358,0.054,1284
8453,0.054,1285
23474,0.054,1286
35660,0.054,1287
29942,0.054,1288
12577,0.054,1289
6564,0.054,1290
2905,0.054,1291
9420,0.054,1292
38073,0.054,1293
28872,0.054,1294
7569,0.054,1295
35931,0.054,1296
36699,0.054,1297
29587,0.052,1298
25235,0.052,1299
25498,0.052,1300
27634,0.052,1301
37322,0.052,1302
2072,0.052,1303
36335,0.052,1304
19169,0.052,1305
19383,0.052,1306
28460,0.052,1307
5774,0.052,1308
21389,0.052,1309
21942,0.052,1310
19483,0.052,1311
21203,0.052,1312
24479,0.052,1313
33611,0.052,1314
10255,0.052,1315
107,0.052,1316
2506,0.052,1317
20436,0.052,1318
36507,0.052,1319
40220,0.052,1320
15099,0.052,1321
35945,0.052,1322
10460,0.052,1323
7040,0.052,1324
22141,0.052,1325
2542,0.05,1326
15516,0.05,1327
974,0.05,1328
27070,0.05,1329
12896,0.05,1330
40729,0.05,1331
32199,0.05,1332
15490,0.05,1333
2016,0.05,1334
27114,0.05,1335
17543,0.05,1336
38387,0.05,1337
26984,0.05,1338
22578,0.05,1339
26438,0.05,1340
22374,0.05,1341
33482,0.05,1342
9748,0.05,1343
9160,0.05,1344
40703,0.05,1345
7232,0.05,1346
11529,0.05,1347
5065,0.05,1348
31957,0.05,1349
18525,0.05,1350
30092,0.05,1351
19911,0.05,1352
6429,0.05,1353
27136,0.05,1354
11295,0.05,1355
17354,0.048,1356
9172,0.048,1357
28418,0.048,1358
27434,0.048,1359
12025,0.048,1360
41243,0.048,1361
1786,0.048,1362
20776,0.048,1363
30850,0.048,1364
36701,0.048,1365
5440,0.048,1366
38685,0.048,1367
34841,0.048,1368
13308,0.048,1369
5895,0.048,1370
25016,0.048,1371
20550,0.048,1372
34952,0.048,1373
10017,0.048,1374
11078,0.048,1375
29390,0.048,1376
33781,0.048,1377
5862,0.048,1378
28620,0.048,1379
41647,0.048,1380
21319,0.048,1381
27771,0.048,1382
6226,0.048,1383
33579,0.048,1384
12453,0.048,1385
9307,0.048,1386
22264,0.048,1387
16495,0.048,1388
36753,0.048,1389
7913,0.046,1390
7833,0.046,1391
5167,0.046,1392
40870,0.046,1393
41774,0.046,1394
33767,0.046,1395
6302,0.046,1396
8913,0.046,1397
39622,0.046,1398
2706,0.046,1399
3693,0.046,1400
40951,0.046,1401
29077,0.046,1402
16638,0.046,1403
39841,0.046,1404
1591,0.046,1405
33944,0.046,1406
28533,0.046,1407
20618,0.046,1408
13880,0.046,1409
11171,0.046,1410
8894,0.046,1411
13159,0.046,1412
19975,0.046,1413
4456,0.046,1414
10578,0.046,1415
16797,0.046,1416
36032,0.046,1417
23381,0.046,1418
28638,0.046,1419
7374,0.046,1420
32973,0.044,1421
2577,0.044,1422
11821,0.044,1423
35107,0.044,1424
36928,0.044,1425
40542,0.044,1426
593,0.044,1427
26908,0.044,1428
40250,0.044,1429
25959,0.044,1430
38106,0.044,1431
37034,0.044,1432
9316,0.044,1433
1042,0.044,1434
37055,0.044,1435
37042,0.044,1436
9688,0.044,1437
39131,0.044,1438
5795,0.044,1439
28609,0.044,1440
33034,0.044,1441
18236,0.044,1442
10775,0.044,1443
10373,0.044,1444
3890,0.044,1445
37136,0.044,1446
20300,0.044,1447
7193,0.044,1448
38485,0.044,1449
33425,0.044,1450
37515,0.042,1451
4224,0.042,1452
2028,0.042,1453
1687,0.042,1454
37621,0.042,1455
21042,0.042,1456
33345,0.042,1457
20171,0.042,1458
10435,0.042,1459
18675,0.042,1460
4270,0.042,1461
15563,0.042,1462
26389,0.042,1463
33356,0.042,1464
17240,0.042,1465
25613,0.042,1466
218,0.042,1467
7542,0.042,1468
27145,0.042,1469
7116,0.042,1470
34226,0.042,1471
12296,0.042,1472
373,0.042,1473
13225,0.042,1474
447,0.042,1475
9280,0.042,1476
7233,0.042,1477
14515,0.042,1478
323,0.042,1479
33098,0.042,1480
9633,0.042,1481
9653,0.042,1482
36129,0.042,1483
30343,0.042,1484
4859,0.042,1485
21900,0.042,1486
17437,0.042,1487
20835,0.042,1488
41769,0.042,1489
1947,0.042,1490
12286,0.042,1491
23853,0.042,1492
4754,0.042,1493
30100,0.042,1494
38613,0.042,1495
30639,0.042,1496
28682,0.042,1497
15223,0.042,1498
21685,0.042,1499
20319,0.042,1500
38297,0.042,1501
18325,0.042,1502
21316,0.04,1503
24749,0.04,1504
7278,0.04,1505
3526,0.04,1506
16239,0.04,1507
12659,0.04,1508
24922,0.04,1509
23444,0.04,1510
38544,0.04,1511
1716,0.04,1512
26769,0.04,1513
8848,0.04,1514
443,0.04,1515
1280,0.04,1516
36553,0.04,1517
2335,0.04,1518
38569,0.04,1519
1244,0.04,1520
1121,0.04,1521
8564,0.04,1522
8177,0.04,1523
24690,0.04,1524
24271,0.04,1525
29982,0.04,1526
41354,0.04,1527
1861,0.04,1528
33287,0.04,1529
9449,0.04,1530
6165,0.04,1531
19096,0.04,1532
25504,0.04,1533
38559,0.04,1534
22136,0.04,1535
2133,0.04,1536
798,0.04,1537
11679,0.04,1538
1322,0.04,1539
216,0.04,1540
19731,0.04,1541
11692,0.04,1542
21883,0.04,1543
10128,0.04,1544
30570,0.04,1545
38245,0.04,1546
978,0.04,1547
11540,0.04,1548
498,0.038,1549
34963,0.038,1550
26131,0.038,1551
23631,0.038,1552
29519,0.038,1553
26167,0.038,1554
40121,0.038,1555
41705,0.038,1556
28318,0.038,1557
4552,0.038,1558
24580,0.038,1559
23143,0.038,1560
3000,0.038,1561
33971,0.038,1562
808,0.038,1563
26526,0.038,1564
22037,0.038,1565
41580,0.038,1566
14237,0.038,1567
9665,0.038,1568
4715,0.038,1569
39587,0.038,1570
5749,0.038,1571
10246,0.038,1572
23703,0.038,1573
24272,0.038,1574
41212,0.038,1575
22099,0.038,1576
22101,0.038,1577
4473,0.038,1578
19095,0.038,1579
2891,0.038,1580
34955,0.038,1581
18952,0.038,1582
40539,0.038,1583
27604,0.038,1584
20435,0.038,1585
40534,0.038,1586
1141,0.038,1587
41362,0.038,1588
10663,0.038,1589
16815,0.038,1590
37229,0.038,1591
11975,0.038,1592
41307,0.038,1593
16828,0.038,1594
9766,0.036,1595
6224,0.036,1596
11574,0.036,1597
36686,0.036,1598
9985,0.036,1599
26317,0.036,1600
26966,0.036,1601
13394,0.036,1602
19352,0.036,1603
23460,0.036,1604
19617,0.036,1605
4273,0.036,1606
33185,0.036,1607
21397,0.036,1608
26304,0.036,1609
12974,0.036,1610
4034,0.036,1611
22517,0.036,1612
6424,0.036,1613
7298,0.036,1614
18383,0.036,1615
12978,0.036,1616
32229,0.036,1617
41880,0.036,1618
37419,0.036,1619
37372,0.036,1620
39381,0.036,1621
40949,0.036,1622
15749,0.036,1623
28094,0.036,1624
41518,0.036,1625
28159,0.036,1626
13623,0.036,1627
34454,0.036,1628
36289,0.036,1629
11481,0.036,1630
41371,0.036,1631
183,0.036,1632
37,0.036,1633
17622,0.036,1634
7091,0.036,1635
3384,0.036,1636
7163,0.036,1637
33293,0.036,1638
20818,0.036,1639
4495,0.036,1640
11114,0.036,1641
37694,0.036,1642
5047,0.036,1643
15462,0.036,1644
36566,0.036,1645
37129,0.036,1646
5844,0.036,1647
17747,0.036,1648
15005,0.034,1649
12603,0.034,1650
25402,0.034,1651
8228,0.034,1652
31075,0.034,1653
22067,0.034,1654
14796,0.034,1655
22693,0.034,1656
13948,0.034,1657
4888,0.034,1658
31602,0.034,1659
38290,0.034,1660
6738,0.034,1661
33533,0.034,1662
7269,0.034,1663
12184,0.034,1664
2269,0.034,1665
19036,0.034,1666
20819,0.034,1667
28822,0.034,1668
39387,0.034,1669
32532,0.034,1670
14356,0.034,1671
27028,0.034,1672
37511,0.034,1673
1144,0.034,1674
28815,0.034,1675
13653,0.034,1676
37407,0.034,1677
16156,0.034,1678
21020,0.034,1679
31333,0.034,1680
22408,0.034,1681
31121,0.034,1682
24173,0.034,1683
35703,0.034,1684
3008,0.034,1685
17690,0.034,1686
5003,0.034,1687
20958,0.034,1688
28723,0.034,1689
4240,0.034,1690
102,0.034,1691
38253,0.034,1692
25409,0.034,1693
16650,0.034,1694
37943,0.034,1695
33060,0.034,1696
39672,0.034,1697
19256,0.034,1698
33960,0.034,1699
36920,0.034,1700
32025,0.034,1701
32823,0.034,1702
18250,0.034,1703
7707,0.034,1704
41729,0.032,1705
39105,0.032,1706
8621,0.032,1707
35996,0.032,1708
41927,0.032,1709
9540,0.032,1710
20592,0.032,1711
10749,0.032,1712
32740,0.032,1713
38197,0.032,1714
34774,0.032,1715
1403,0.032,1716
14729,0.032,1717
3690,0.032,1718
6055,0.032,1719
10514,0.032,1720
2967,0.032,1721
27442,0.032,1722
36992,0.032,1723
10901,0.032,1724
12039,0.032,1725
11007,0.032,1726
39535,0.032,1727
12079,0.032,1728
16347,0.032,1729
24893,0.032,1730
38396,0.032,1731
2037,0.032,1732
40481,0.032,1733
9801,0.032,1734
3398,0.032,1735
19123,0.032,1736
21645,0.032,1737
11724,0.032,1738
37403,0.032,1739
19857,0.032,1740
32603,0.032,1741
35677,0.032,1742
13945,0.032,1743
38418,0.032,1744
8626,0.032,1745
19069,0.032,1746
15325,0.032,1747
15929,0.032,1748
9537,0.032,1749
25401,0.032,1750
32163,0.032,1751
33470,0.032,1752
36359,0.032,1753
35749,0.032,1754
34831,0.032,1755
5498,0.032,1756
32233,0.032,1757
40603,0.032,1758
20525,0.032,1759
3758,0.03,1760
11971,0.03,1761
36858,0.03,1762
32612,0.03,1763
21546,0.03,1764
39104,0.03,1765
32296,0.03,1766
30859,0.03,1767
10640,0.03,1768
21524,0.03,1769
8695,0.03,1770
40608,0.03,1771
349,0.03,1772
25928,0.03,1773
31170,0.03,1774
15088,0.03,1775
1053,0.03,1776
10756,0.03,1777
14584,0.03,1778
22255,0.03,1779
3771,0.03,1780
9258,0.03,1781
26456,0.03,1782
6792,0.03,1783
3949,0.03,1784
4546,0.03,1785
40616,0.03,1786
33503,0.03,1787
41956,0.03,1788
30414,0.03,1789
7217,0.03,1790
9915,0.03,1791
11458,0.03,1792
2258,0.03,1793
40139,0.03,1794
14456,0.03,1795
37964,0.03,1796
1613,0.03,1797
41659,0.03,1798
20573,0.03,1799
34305,0.03,1800
13160,0.03,1801
24092,0.03,1802
30501,0.03,1803
13558,0.03,1804
6342,0.03,1805
17480,0.03,1806
35121,0.03,1807
19630,0.03,1808
37768,0.03,1809
5415,0.03,1810
15308,0.03,1811
29909,0.03,1812
15875,0.03,1813
17291,0.03,1814
40474,0.03,1815
33684,0.03,1816
20777,0.03,1817
38604,0.03,1818
20140,0.03,1819
13149,0.03,1820
40717,0.03,1821
11333,0.03,1822
9427,0.03,1823
19651,0.03,1824
6601,0.03,1825
37227,0.03,1826
14714,0.03,1827
24145,0.03,1828
11980,0.03,1829
4771,0.03,1830
19270,0.028,1831
35819,0.028,1832
19317,0.028,1833
39363,0.028,1834
19314,0.028,1835
4675,0.028,1836
25301,0.028,1837
3832,0.028,1838
7727,0.028,1839
3596,0.028,1840
31966,0.028,1841
40782,0.028,1842
4085,0.028,1843
5649,0.028,1844
15954,0.028,1845
9994,0.028,1846
21625,0.028,1847
9094,0.028,1848
21355,0.028,1849
12907,0.028,1850
14044,0.028,1851
23136,0.028,1852
38440,0.028,1853
13603,0.028,1854
15914,0.028,1855
35290,0.028,1856
819,0.028,1857
5650,0.028,1858
12674,0.028,1859
18606,0.028,1860
2991,0.028,1861
4162,0.028,1862
31708,0.028,1863
25418,0.028,1864
3776,0.028,1865
21297,0.028,1866
27885,0.028,1867
20955,0.028,1868
35105,0.028,1869
37675,0.028,1870
41258,0.028,1871
37393,0.028,1872
34015,0.028,1873
1493,0.028,1874
27622,0.028,1875
24220,0.028,1876
25600,0.028,1877
23879,0.028,1878
32949,0.028,1879
194,0.028,1880
36582,0.028,1881
12646,0.028,1882
21788,0.028,1883
18306,0.028,1884
14852,0.028,1885
23554,0.028,1886
41176,0.028,1887
28841,0.028,1888
31102,0.028,1889
34657,0.028,1890
9872,0.028,1891
27986,0.028,1892
37720,0.028,1893
35840,0.028,1894
23369,0.028,1895
40403,0.028,1896
36770,0.028,1897
13351,0.028,1898
40807,0.028,1899
17270,0.028,1900
3183,0.028,1901
8518,0.028,1902
431,0.028,1903
38882,0.028,1904
21458,0.028,1905
1787,0.028,1906
13357,0.028,1907
30532,0.028,1908
31620,0.028,1909
15440,0.028,1910
28626,0.028,1911
36945,0.028,1912
22706,0.028,1913
38225,0.026,1914
457,0.026,1915
8128,0.026,1916
9447,0.026,1917
27749,0.026,1918
29890,0.026,1919
12768,0.026,1920
85,0.026,1921
33639,0.026,1922
16652,0.026,1923
38258,0.026,1924
103,0.026,1925
288,0.026,1926
10791,0.026,1927
21977,0.026,1928
21749,0.026,1929
33281,0.026,1930
6159,0.026,1931
27814,0.026,1932
34031,0.026,1933
34076,0.026,1934
11827,0.026,1935
38062,0.026,1936
25427,0.026,1937
23954,0.026,1938
7775,0.026,1939
36282,0.026,1940
24464,0.026,1941
28750,0.026,1942
15326,0.026,1943
34631,0.026,1944
29061,0.026,1945
38089,0.026,1946
27770,0.026,1947
41791,0.026,1948
29529,0.026,1949
38214,0.026,1950
19954,0.026,1951
5464,0.026,1952
10942,0.026,1953
36293,0.026,1954
1320,0.026,1955
39790,0.026,1956
17201,0.026,1957
4256,0.026,1958
37001,0.026,1959
13413,0.026,1960
17064,0.026,1961
10336,0.026,1962
24081,0.026,1963
23694,0.026,1964
24516,0.026,1965
9849,0.026,1966
5015,0.026,1967
28306,0.026,1968
38084,0.026,1969
35500,0.026,1970
26865,0.026,1971
983,0.026,1972
29881,0.026,1973
39490,0.026,1974
36704,0.026,1975
13283,0.026,1976
8482,0.026,1977
34562,0.026,1978
11107,0.026,1979
27888,0.026,1980
26546,0.026,1981
40384,0.026,1982
17346,0.026,1983
4021,0.026,1984
2164,0.026,1985
39252,0.026,1986
5148,0.026,1987
35705,0.026,1988
10834,0.026,1989
10430,0.026,1990
36492,0.026,1991
1452,0.026,1992
31969,0.026,1993
19162,0.026,1994
2993,0.026,1995
2987,0.026,1996
22576,0.026,1997
16426,0.026,1998
7917,0.026,1999
14648,0.026,2000
20183,0.026,2001
27692,0.026,2002
10866,0.026,2003
37703,0.026,2004
11146,0.026,2005
10305,0.026,2006
11725,0.026,2007
13354,0.026,2008
22768,0.026,2009
3606,0.024,2010
23588,0.024,2011
8136,0.024,2012
12262,0.024,2013
4287,0.024,2014
30206,0.024,2015
968,0.024,2016
37355,0.024,2017
41137,0.024,2018
21104,0.024,2019
27187,0.024,2020
32591,0.024,2021
32851,0.024,2022
30489,0.024,2023
6961,0.024,2024
10794,0.024,2025
21368,0.024,2026
26056,0.024,2027
19657,0.024,2028
22660,0.024,2029
38439,0.024,2030
30577,0.024,2031
11414,0.024,2032
3364,0.024,2033
2561,0.024,2034
26274,0.024,2035
16939,0.024,2036
34204,0.024,2037
28863,0.024,2038
17900,0.024,2039
30219,0.024,2040
2302,0.024,2041
18034,0.024,2042
33998,0.024,2043
21286,0.024,2044
1100,0.024,2045
39143,0.024,2046
10792,0.024,2047
26653,0.024,2048
32586,0.024,2049
39129,0.024,2050
33357,0.024,2051
8190,0.024,2052
952,0.024,2053
5264,0.024,2054
11997,0.024,2055
12629,0.024,2056
16186,0.024,2057
8614,0.024,2058
12077,0.024,2059
25380,0.024,2060
31557,0.024,2061
39202,0.024,2062
1528,0.024,2063
3967,0.024,2064
24239,0.024,2065
8698,0.024,2066
23856,0.024,2067
27600,0.024,2068
23943,0.024,2069
20365,0.024,2070
23004,0.024,2071
26617,0.024,2072
19698,0.024,2073
6576,0.024,2074
15210,0.024,2075
7573,0.024,2076
4020,0.024,2077
37113,0.024,2078
36270,0.024,2079
4392,0.024,2080
2691,0.024,2081
259,0.024,2082
40461,0.024,2083
11493,0.024,2084
12317,0.024,2085
1534,0.024,2086
36826,0.024,2087
2191,0.024,2088
16343,0.024,2089
35011,0.024,2090
3955,0.024,2091
12893,0.024,2092
1853,0.024,2093
18754,0.024,2094
22921,0.024,2095
19942,0.024,2096
12734,0.024,2097
26109,0.024,2098
20368,0.024,2099
4129,0.024,2100
23055,0.024,2101
40493,0.022,2102
40709,0.022,2103
36960,0.022,2104
28183,0.022,2105
12191,0.022,2106
32447,0.022,2107
41173,0.022,2108
24844,0.022,2109
34029,0.022,2110
21427,0.022,2111
25163,0.022,2112
12321,0.022,2113
18012,0.022,2114
2910,0.022,2115
22830,0.022,2116
26839,0.022,2117
8636,0.022,2118
19449,0.022,2119
11547,0.022,2120
8261,0.022,2121
17576,0.022,2122
18739,0.022,2123
1135,0.022,2124
23313,0.022,2125
6447,0.022,2126
22588,0.022,2127
8607,0.022,2128
29363,0.022,2129
21162,0.022,2130
21591,0.022,2131
17070,0.022,2132
3664,0.022,2133
11205,0.022,2134
3006,0.022,2135
40440,0.022,2136
35813,0.022,2137
9259,0.022,2138
37204,0.022,2139
19955,0.022,2140
13576,0.022,2141
38523,0.022,2142
21358,0.022,2143
10722,0.022,2144
6916,0.022,2145
23370,0.022,2146
27085,0.022,2147
11018,0.022,2148
30987,0.022,2149
34022,0.022,2150
3294,0.022,2151
7256,0.022,2152
24310,0.022,2153
12143,0.022,2154
15962,0.022,2155
30477,0.022,2156
4223,0.022,2157
26077,0.022,2158
38198,0.022,2159
27375,0.022,2160
37744,0.022,2161
20770,0.022,2162
3453,0.022,2163
28967,0.022,2164
24714,0.022,2165
21332,0.022,2166
23271,0.022,2167
10883,0.022,2168
33387,0.022,2169
29860,0.022,2170
19063,0.022,2171
34075,0.022,2172
5863,0.022,2173
3313,0.022,2174
30919,0.022,2175
36841,0.022,2176
16487,0.022,2177
10303,0.022,2178
5098,0.022,2179
30189,0.022,2180
2858,0.022,2181
21566,0.022,2182
21872,0.022,2183
15707,0.022,2184
38025,0.022,2185
11906,0.022,2186
42058,0.022,2187
13488,0.022,2188
16227,0.022,2189
36368,0.022,2190
3957,0.022,2191
5157,0.022,2192
4641,0.022,2193
37112,0.022,2194
1650,0.022,2195
39215,0.022,2196
37199,0.022,2197
25997,0.022,2198
33142,0.022,2199
3588,0.022,2200
32730,0.022,2201
117,0.022,2202
11922,0.022,2203
16615,0.022,2204
32970,0.022,2205
19719,0.022,2206
36078,0.022,2207
23050,0.022,2208
9846,0.022,2209
24705,0.022,2210
608,0.022,2211
41902,0.022,2212
35329,0.022,2213
2689,0.022,2214
6305,0.022,2215
18709,0.022,2216
8559,0.022,2217
18784,0.022,2218
31009,0.022,2219
3815,0.02,2220
8259,0.02,2221
26190,0.02,2222
22458,0.02,2223
5784,0.02,2224
26360,0.02,2225
22687,0.02,2226
19736,0.02,2227
33700,0.02,2228
5525,0.02,2229
22150,0.02,2230
31521,0.02,2231
40234,0.02,2232
38118,0.02,2233
38334,0.02,2234
15694,0.02,2235
5923,0.02,2236
15065,0.02,2237
36142,0.02,2238
31513,0.02,2239
39867,0.02,2240
22041,0.02,2241
22494,0.02,2242
10564,0.02,2243
10070,0.02,2244
7763,0.02,2245
26197,0.02,2246
29702,0.02,2247
26637,0.02,2248
38006,0.02,2249
37217,0.02,2250
10566,0.02,2251
7930,0.02,2252
8766,0.02,2253
12384,0.02,2254
29502,0.02,2255
28457,0.02,2256
38552,0.02,2257
25864,0.02,2258
29167,0.02,2259
40612,0.02,2260
31580,0.02,2261
5010,0.02,2262
37807,0.02,2263
26469,0.02,2264
25502,0.02,2265
27541,0.02,2266
31065,0.02,2267
25747,0.02,2268
41596,0.02,2269
8727,0.02,2270
19884,0.02,2271
34844,0.02,2272
11094,0.02,2273
24600,0.02,2274
37146,0.02,2275
10960,0.02,2276
27776,0.02,2277
33420,0.02,2278
3451,0.02,2279
39365,0.02,2280
38922,0.02,2281
22846,0.02,2282
38887,0.02,2283
284,0.02,2284
22019,0.02,2285
20192,0.02,2286
31951,0.02,2287
25984,0.02,2288
25452,0.02,2289
29148,0.02,2290
39012,0.02,2291
32616,0.02,2292
25404,0.02,2293
11454,0.02,2294
30044,0.02,2295
4661,0.02,2296
878,0.02,2297
13203,0.02,2298
11544,0.02,2299
39638,0.02,2300
19132,0.02,2301
33987,0.02,2302
39581,0.02,2303
18074,0.02,2304
24668,0.02,2305
30562,0.02,2306
4904,0.02,2307
28473,0.02,2308
29098,0.02,2309
27705,0.02,2310
14917,0.02,2311
26248,0.02,2312
9549,0.02,2313
15467,0.02,2314
11081,0.02,2315
19899,0.02,2316
38177,0.02,2317
31388,0.02,2318
20854,0.02,2319
29718,0.02,2320
9601,0.02,2321
7952,0.02,2322
15408,0.02,2323
21934,0.02,2324
29192,0.02,2325
30945,0.02,2326
16894,0.02,2327
29164,0.02,2328
17391,0.02,2329
33695,0.02,2330
4563,0.02,2331
38247,0.02,2332
16065,0.02,2333
4327,0.02,2334
40541,0.02,2335
9434,0.02,2336
7694,0.02,2337
21993,0.02,2338
6200,0.02,2339
31197,0.02,2340
34976,0.018,2341
24923,0.018,2342
19306,0.018,2343
18990,0.018,2344
36824,0.018,2345
6474,0.018,2346
30267,0.018,2347
34942,0.018,2348
14152,0.018,2349
8103,0.018,2350
25640,0.018,2351
22881,0.018,2352
28009,0.018,2353
32649,0.018,2354
35765,0.018,2355
19741,0.018,2356
23002,0.018,2357
7231,0.018,2358
24430,0.018,2359
14665,0.018,2360
28325,0.018,2361
15535,0.018,2362
34063,0.018,2363
24778,0.018,2364
3995,0.018,2365
37945,0.018,2366
14750,0.018,2367
23553,0.018,2368
13318,0.018,2369
28282,0.018,2370
13911,0.018,2371
22658,0.018,2372
33161,0.018,2373
17601,0.018,2374
22859,0.018,2375
5076,0.018,2376
15644,0.018,2377
14995,0.018,2378
38807,0.018,2379
13935,0.018,2380
32987,0.018,2381
35782,0.018,2382
13535,0.018,2383
40195,0.018,2384
12235,0.018,2385
39635,0.018,2386
22971,0.018,2387
15795,0.018,2388
20241,0.018,2389
5758,0.018,2390
7213,0.018,2391
40011,0.018,2392
1646,0.018,2393
2857,0.018,2394
22688,0.018,2395
27431,0.018,2396
21608,0.018,2397
32690,0.018,2398
15801,0.018,2399
16886,0.018,2400
25801,0.018,2401
24032,0.018,2402
38142,0.018,2403
8415,0.018,2404
19802,0.018,2405
18575,0.018,2406
40793,0.018,2407
11782,0.018,2408
5676,0.018,2409
18685,0.018,2410
33711,0.018,2411
33959,0.018,2412
40715,0.018,2413
8456,0.018,2414
3978,0.018,2415
16197,0.018,2416
40680,0.018,2417
33464,0.018,2418
37570,0.018,2419
2211,0.018,2420
41976,0.018,2421
34491,0.018,2422
18213,0.018,2423
11563,0.018,2424
39076,0.018,2425
6053,0.018,2426
25905,0.018,2427
24142,0.018,2428
24506,0.018,2429
38587,0.018,2430
14170,0.018,2431
10842,0.018,2432
36943,0.018,2433
23529,0.018,2434
14109,0.018,2435
16840,0.018,2436
29079,0.018,2437
17529,0.018,2438
2836,0.018,2439
13923,0.018,2440
12735,0.018,2441
14416,0.018,2442
26378,0.018,2443
14821,0.018,2444
25986,0.018,2445
5113,0.018,2446
8444,0.018,2447
22417,0.018,2448
13419,0.018,2449
4926,0.018,2450
28628,0.018,2451
899,0.018,2452
23608,0.018,2453
40080,0.018,2454
26478,0.018,2455
31184,0.018,2456
15484,0.018,2457
8277,0.018,2458
32699,0.018,2459
28210,0.018,2460
15617,0.018,2461
8007,0.018,2462
23896,0.018,2463
26690,0.018,2464
27673,0.018,2465
29419,0.018,2466
40266,0.018,2467
16098,0.018,2468
13044,0.018,2469
42017,0.018,2470
6894,0.018,2471
32079,0.018,2472
34456,0.018,2473
39003,0.018,2474
3151,0.018,2475
37504,0.018,2476
16430,0.018,2477
12819,0.018,2478
41032,0.018,2479
37692,0.018,2480
18108,0.018,2481
18313,0.018,2482
7743,0.018,2483
17004,0.018,2484
12818,0.016,2485
34440,0.016,2486
32602,0.016,2487
26905,0.016,2488
24788,0.016,2489
16735,0.016,2490
40134,0.016,2491
20797,0.016,2492
14904,0.016,2493
26756,0.016,2494
27915,0.016,2495
13486,0.016,2496
16742,0.016,2497
18659,0.016,2498
37072,0.016,2499
12503,0.016,2500
32571,0.016,2501
19594,0.016,2502
19934,0.016,2503
3554,0.016,2504
15431,0.016,2505
11815,0.016,2506
2218,0.016,2507
40537,0.016,2508
25325,0.016,2509
40233,0.016,2510
37430,0.016,2511
14663,0.016,2512
4581,0.016,2513
19010,0.016,2514
26611,0.016,2515
22737,0.016,2516
1093,0.016,2517
25074,0.016,2518
2301,0.016,2519
41110,0.016,2520
24562,0.016,2521
40274,0.016,2522
26365,0.016,2523
19038,0.016,2524
19962,0.016,2525
21665,0.016,2526
22584,0.016,2527
35808,0.016,2528
5304,0.016,2529
31515,0.016,2530
1250,0.016,2531
25574,0.016,2532
7945,0.016,2533
33407,0.016,2534
13245,0.016,2535
5138,0.016,2536
16199,0.016,2537
13772,0.016,2538
34907,0.016,2539
24679,0.016,2540
37165,0.016,2541
26630,0.016,2542
37937,0.016,2543
25715,0.016,2544
33943,0.016,2545
28731,0.016,2546
24602,0.016,2547
11706,0.016,2548
6088,0.016,2549
26939,0.016,2550
18886,0.016,2551
41138,0.016,2552
9888,0.016,2553
7470,0.016,2554
14517,0.016,2555
22773,0.016,2556
19412,0.016,2557
26039,0.016,2558
25186,0.016,2559
19309,0.016,2560
24448,0.016,2561
34099,0.016,2562
27912,0.016,2563
5521,0.016,2564
36901,0.016,2565
33746,0.016,2566
24950,0.016,2567
38669,0.016,2568
27655,0.016,2569
11063,0.016,2570
943,0.016,2571
5947,0.016,2572
6496,0.016,2573
41648,0.016,2574
5594,0.016,2575
5206,0.016,2576
8255,0.016,2577
26942,0.016,2578
23190,0.016,2579
20784,0.016,2580
7577,0.016,2581
27509,0.016,2582
11039,0.016,2583
6886,0.016,2584
33352,0.016,2585
7390,0.016,2586
13974,0.016,2587
24806,0.016,2588
20274,0.016,2589
1439,0.016,2590
32878,0.016,2591
9269,0.016,2592
12432,0.016,2593
36060,0.016,2594
40776,0.016,2595
894,0.016,2596
25861,0.016,2597
26096,0.016,2598
6542,0.016,2599
2718,0.016,2600
12441,0.016,2601
12201,0.016,2602
17628,0.016,2603
11527,0.016,2604
39499,0.016,2605
4993,0.016,2606
40914,0.016,2607
17614,0.016,2608
17205,0.016,2609
15701,0.016,2610
24637,0.016,2611
27514,0.016,2612
15652,0.016,2613
22925,0.016,2614
32767,0.016,2615
407,0.016,2616
23524,0.016,2617
39026,0.016,2618
23508,0.016,2619
3665,0.016,2620
16963,0.016,2621
33020,0.016,2622
40043,0.016,2623
26242,0.016,2624
40019,0.016,2625
4835,0.016,2626
11435,0.016,2627
18430,0.016,2628
22227,0.016,2629
39969,0.016,2630
8210,0.016,2631
33091,0.016,2632
28961,0.016,2633
13817,0.016,2634
28363,0.016,2635
41170,0.016,2636
38836,0.016,2637
30647,0.016,2638
26204,0.016,2639
28693,0.016,2640
17116,0.016,2641
2163,0.016,2642
5280,0.014,2643
40630,0.014,2644
18374,0.014,2645
12914,0.014,2646
14897,0.014,2647
23072,0.014,2648
23974,0.014,2649
27211,0.014,2650
32958,0.014,2651
27580,0.014,2652
15720,0.014,2653
38040,0.014,2654
15324,0.014,2655
20928,0.014,2656
19225,0.014,2657
23209,0.014,2658
29305,0.014,2659
40929,0.014,2660
26814,0.014,2661
6667,0.014,2662
21308,0.014,2663
13262,0.014,2664
15551,0.014,2665
28260,0.014,2666
40895,0.014,2667
7976,0.014,2668
23200,0.014,2669
355,0.014,2670
25588,0.014,2671
24398,0.014,2672
11350,0.014,2673
21345,0.014,2674
41000,0.014,2675
35725,0.014,2676
3057,0.014,2677
36561,0.014,2678
35306,0.014,2679
12975,0.014,2680
23804,0.014,2681
12791,0.014,2682
41279,0.014,2683
3419,0.014,2684
14813,0.014,2685
27808,0.014,2686
13379,0.014,2687
31962,0.014,2688
30609,0.014,2689
24698,0.014,2690
18810,0.014,2691
11765,0.014,2692
27890,0.014,2693
20282,0.014,2694
5327,0.014,2695
28374,0.014,2696
27704,0.014,2697
41903,0.014,2698
19838,0.014,2699
27148,0.014,2700
15512,0.014,2701
21956,0.014,2702
28160,0.014,2703
36334,0.014,2704
8230,0.014,2705
32680,0.014,2706
1460,0.014,2707
40686,0.014,2708
28144,0.014,2709
20865,0.014,2710
39324,0.014,2711
211,0.014,2712
16155,0.014,2713
17276,0.014,2714
25955,0.014,2715
27252,0.014,2716
5702,0.014,2717
28045,0.014,2718
35642,0.014,2719
17664,0.014,2720
10358,0.014,2721
18003,0.014,2722
5956,0.014,2723
12823,0.014,2724
40846,0.014,2725
31486,0.014,2726
31944,0.014,2727
6944,0.014,2728
21006,0.014,2729
31699,0.014,2730
30028,0.014,2731
38299,0.014,2732
11440,0.014,2733
9596,0.014,2734
12383,0.014,2735
26301,0.014,2736
38350,0.014,2737
5869,0.014,2738
39126,0.014,2739
10814,0.014,2740
22814,0.014,2741
30573,0.014,2742
6,0.014,2743
11680,0.014,2744
13708,0.014,2745
1581,0.014,2746
15024,0.014,2747
38162,0.014,2748
8949,0.014,2749
12300,0.014,2750
38135,0.014,2751
39216,0.014,2752
30779,0.014,2753
11645,0.014,2754
35894,0.014,2755
36951,0.014,2756
13342,0.014,2757
36714,0.014,2758
2121,0.014,2759
35043,0.014,2760
9495,0.014,2761
13134,0.014,2762
38878,0.014,2763
25185,0.014,2764
8239,0.014,2765
21737,0.014,2766
26045,0.014,2767
31492,0.014,2768
10093,0.014,2769
8543,0.014,2770
2260,0.014,2771
34645,0.014,2772
33055,0.014,2773
29352,0.014,2774
12466,0.014,2775
26009,0.014,2776
12766,0.014,2777
18199,0.014,2778
37291,0.014,2779
19281,0.014,2780
16552,0.014,2781
38763,0.014,2782
12910,0.014,2783
8312,0.014,2784
34896,0.014,2785
33748,0.014,2786
16324,0.014,2787
21222,0.014,2788
28707,0.014,2789
19593,0.014,2790
31041,0.014,2791
12963,0.014,2792
35618,0.014,2793
12884,0.014,2794
31932,0.014,2795
38696,0.014,2796
25463,0.014,2797
25183,0.014,2798
32648,0.014,2799
7506,0.014,2800
31504,0.014,2801
2114,0.014,2802
25678,0.014,2803
14759,0.014,2804
17638,0.014,2805
3861,0.014,2806
29652,0.014,2807
2989,0.014,2808
38147,0.014,2809
39664,0.014,2810
34332,0.014,2811
10923,0.014,2812
10259,0.014,2813
17057,0.014,2814
8393,0.014,2815
5063,0.014,2816
19441,0.014,2817
40919,0.014,2818
36953,0.014,2819
42067,0.014,2820
34737,0.012,2821
4841,0.012,2822
15964,0.012,2823
37398,0.012,2824
30319,0.012,2825
22027,0.012,2826
34138,0.012,2827
985,0.012,2828
13018,0.012,2829
4789,0.012,2830
31886,0.012,2831
36879,0.012,2832
9599,0.012,2833
23073,0.012,2834
24026,0.012,2835
15048,0.012,2836
8540,0.012,2837
32310,0.012,2838
11181,0.012,2839
30585,0.012,2840
22762,0.012,2841
3702,0.012,2842
14632,0.012,2843
37772,0.012,2844
18340,0.012,2845
1800,0.012,2846
7101,0.012,2847
5950,0.012,2848
6366,0.012,2849
20,0.012,2850
31572,0.012,2851
446,0.012,2852
34983,0.012,2853
41100,0.012,2854
29627,0.012,2855
39873,0.012,2856
40706,0.012,2857
31644,0.012,2858
40522,0.012,2859
41302,0.012,2860
33951,0.012,2861
2607,0.012,2862
28679,0.012,2863
22563,0.012,2864
36301,0.012,2865
14526,0.012,2866
7042,0.012,2867
8959,0.012,2868
36292,0.012,2869
19148,0.012,2870
15787,0.012,2871
17426,0.012,2872
38475,0.012,2873
30777,0.012,2874
11145,0.012,2875
7490,0.012,2876
5088,0.012,2877
39472,0.012,2878
24611,0.012,2879
30511,0.012,2880
1927,0.012,2881
15768,0.012,2882
21649,0.012,2883
38568,0.012,2884
32099,0.012,2885
7249,0.012,2886
33431,0.012,2887
31056,0.012,2888
26485,0.012,2889
23571,0.012,2890
41713,0.012,2891
2543,0.012,2892
4618,0.012,2893
32642,0.012,2894
6986,0.012,2895
26408,0.012,2896
37664,0.012,2897
18375,0.012,2898
3342,0.012,2899
40241,0.012,2900
37543,0.012,2901
27073,0.012,2902
25652,0.012,2903
5523,0.012,2904
17617,0.012,2905
19496,0.012,2906
36155,0.012,2907
25240,0.012,2908
14352,0.012,2909
41612,0.012,2910
39312,0.012,2911
11999,0.012,2912
33716,0.012,2913
7183,0.012,2914
25891,0.012,2915
22735,0.012,2916
723,0.012,2917
29717,0.012,2918
22258,0.012,2919
37137,0.012,2920
27152,0.012,2921
17746,0.012,2922
30346,0.012,2923
13138,0.012,2924
39074,0.012,2925
26824,0.012,2926
11872,0.012,2927
18745,0.012,2928
24143,0.012,2929
7266,0.012,2930
26042,0.012,2931
7734,0.012,2932
39478,0.012,2933
10760,0.012,2934
16981,0.012,2935
25825,0.012,2936
28319,0.012,2937
4722,0.012,2938
409,0.012,2939
28028,0.012,2940
10577,0.012,2941
19467,0.012,2942
24697,0.012,2943
23232,0.012,2944
6525,0.012,2945
34931,0.012,2946
37615,0.012,2947
3625,0.012,2948
16772,0.012,2949
9615,0.012,2950
35740,0.012,2951
19991,0.012,2952
21688,0.012,2953
33823,0.012,2954
23881,0.012,2955
13050,0.012,2956
26525,0.012,2957
41859,0.012,2958
6470,0.012,2959
1948,0.012,2960
32303,0.012,2961
15580,0.012,2962
30269,0.012,2963
22758,0.012,2964
7760,0.012,2965
19198,0.012,2966
27878,0.012,2967
12055,0.012,2968
27380,0.012,2969
15690,0.012,2970
10862,0.012,2971
8549,0.012,2972
34512,0.012,2973
5548,0.012,2974
26215,0.012,2975
950,0.012,2976
41103,0.012,2977
34881,0.012,2978
36603,0.012,2979
30363,0.012,2980
17867,0.012,2981
33247,0.012,2982
19599,0.012,2983
24752,0.012,2984
5796,0.012,2985
30760,0.012,2986
9504,0.012,2987
37699,0.012,2988
16050,0.012,2989
11196,0.012,2990
12483,0.012,2991
29012,0.012,2992
36691,0.012,2993
25618,0.012,2994
38996,0.012,2995
40024,0.012,2996
40627,0.012,2997
27737,0.012,2998
16236,0.012,2999
38579,0.012,3000
7165,0.012,3001
40428,0.012,3002
24894,0.012,3003
36785,0.012,3004
40828,0.012,3005
6079,0.012,3006
32944,0.012,3007
12309,0.012,3008
8579,0.012,3009
39761,0.012,3010
23016,0.012,3011
15887,0.012,3012
12604,0.012,3013
15763,0.012,3014
27124,0.012,3015
28000,0.012,3016
4937,0.012,3017
20713,0.012,3018
35942,0.012,3019
37553,0.012,3020
14610,0.012,3021
13239,0.012,3022
19959,0.012,3023
30918,0.012,3024
21664,0.012,3025
20057,0.012,3026
12932,0.01,3027
15612,0.01,3028
18114,0.01,3029
11849,0.01,3030
11159,0.01,3031
1795,0.01,3032
36996,0.01,3033
34469,0.01,3034
10094,0.01,3035
31466,0.01,3036
24804,0.01,3037
40568,0.01,3038
18664,0.01,3039
38936,0.01,3040
19394,0.01,3041
3959,0.01,3042
34731,0.01,3043
35586,0.01,3044
16011,0.01,3045
17269,0.01,3046
813,0.01,3047
36557,0.01,3048
32484,0.01,3049
14008,0.01,3050
35117,0.01,3051
25994,0.01,3052
26374,0.01,3053
24439,0.01,3054
19739,0.01,3055
8556,0.01,3056
18843,0.01,3057
25853,0.01,3058
348,0.01,3059
29954,0.01,3060
31538,0.01,3061
37094,0.01,3062
18578,0.01,3063
30554,0.01,3064
12258,0.01,3065
20888,0.01,3066
15351,0.01,3067
22215,0.01,3068
16270,0.01,3069
29075,0.01,3070
11246,0.01,3071
32474,0.01,3072
41436,0.01,3073
19799,0.01,3074
23719,0.01,3075
7622,0.01,3076
22641,0.01,3077
15244,0.01,3078
11301,0.01,3079
27787,0.01,3080
23013,0.01,3081
5278,0.01,3082
13529,0.01,3083
11483,0.01,3084
39824,0.01,3085
27077,0.01,3086
27605,0.01,3087
38981,0.01,3088
7328,0.01,3089
39594,0.01,3090
21529,0.01,3091
3899,0.01,3092
7421,0.01,3093
27822,0.01,3094
22065,0.01,3095
16648,0.01,3096
18109,0.01,3097
25015,0.01,3098
26471,0.01,3099
25146,0.01,3100
29175,0.01,3101
36325,0.01,3102
4847,0.01,3103
25471,0.01,3104
25721,0.01,3105
1770,0.01,3106
17246,0.01,3107
30590,0.01,3108
1213,0.01,3109
35068,0.01,3110
7152,0.01,3111
38388,0.01,3112
15898,0.01,3113
40812,0.01,3114
40700,0.01,3115
3675,0.01,3116
1670,0.01,3117
25509,0.01,3118
6588,0.01,3119
27734,0.01,3120
27659,0.01,3121
27059,0.01,3122
19428,0.01,3123
20551,0.01,3124
35697,0.01,3125
2875,0.01,3126
7726,0.01,3127
22851,0.01,3128
17067,0.01,3129
41226,0.01,3130
18441,0.01,3131
34890,0.01,3132
19183,0.01,3133
18589,0.01,3134
26910,0.01,3135
25035,0.01,3136
8662,0.01,3137
26030,0.01,3138
14895,0.01,3139
36304,0.01,3140
9995,0.01,3141
21785,0.01,3142
1070,0.01,3143
4134,0.01,3144
27907,0.01,3145
2222,0.01,3146
19172,0.01,3147
30065,0.01,3148
28567,0.01,3149
12479,0.01,3150
19560,0.01,3151
15799,0.01,3152
38520,0.01,3153
14862,0.01,3154
16890,0.01,3155
1166,0.01,3156
39243,0.01,3157
38560,0.01,3158
34779,0.01,3159
32363,0.01,3160
24435,0.01,3161
28326,0.01,3162
17001,0.01,3163
14341,0.01,3164
40988,0.01,3165
34195,0.01,3166
14685,0.01,3167
926,0.01,3168
15783,0.01,3169
14545,0.01,3170
21511,0.01,3171
8835,0.01,3172
35176,0.01,3173
17558,0.01,3174
13064,0.01,3175
40335,0.01,3176
20890,0.01,3177
610,0.01,3178
33373,0.01,3179
38167,0.01,3180
40798,0.01,3181
33920,0.01,3182
20191,0.01,3183
395,0.01,3184
36731,0.01,3185
6504,0.01,3186
5993,0.01,3187
39186,0.01,3188
27810,0.01,3189
19612,0.01,3190
26272,0.01,3191
12585,0.01,3192
37781,0.01,3193
40898,0.01,3194
26126,0.01,3195
31790,0.01,3196
2024,0.01,3197
22597,0.01,3198
34616,0.01,3199
25926,0.01,3200
4336,0.01,3201
8571,0.01,3202
23054,0.01,3203
15940,0.01,3204
26108,0.01,3205
34685,0.01,3206
25655,0.01,3207
36508,0.01,3208
26146,0.01,3209
8861,0.01,3210
3156,0.01,3211
18842,0.01,3212
20531,0.01,3213
29146,0.01,3214
41593,0.01,3215
8076,0.01,3216
40202,0.01,3217
713,0.01,3218
29367,0.01,3219
146,0.01,3220
41001,0.01,3221
16986,0.01,3222
17888,0.01,3223
39362,0.01,3224
39732,0.01,3225
25658,0.01,3226
30866,0.01,3227
28256,0.01,3228
19466,0.01,3229
37320,0.01,3230
30088,0.01,3231
279,0.01,3232
17088,0.01,3233
37306,0.01,3234
5455,0.01,3235
31836,0.01,3236
31494,0.01,3237
23740,0.01,3238
25979,0.01,3239
23844,0.01,3240
32562,0.01,3241
35289,0.01,3242
12886,0.01,3243
26857,0.01,3244
31935,0.01,3245
21699,0.01,3246
10395,0.01,3247
24980,0.01,3248
37014,0.01,3249
40060,0.01,3250
26019,0.008,3251
23389,0.008,3252
11051,0.008,3253
3768,0.008,3254
8043,0.008,3255
27590,0.008,3256
1835,0.008,3257
28301,0.008,3258
5132,0.008,3259
31228,0.008,3260
7145,0.008,3261
10609,0.008,3262
18692,0.008,3263
1485,0.008,3264
24180,0.008,3265
16137,0.008,3266
15847,0.008,3267
15084,0.008,3268
28762,0.008,3269
18996,0.008,3270
35848,0.008,3271
12050,0.008,3272
17671,0.008,3273
13803,0.008,3274
14542,0.008,3275
33264,0.008,3276
19323,0.008,3277
21571,0.008,3278
3347,0.008,3279
41879,0.008,3280
14377,0.008,3281
7766,0.008,3282
41012,0.008,3283
32809,0.008,3284
10126,0.008,3285
22643,0.008,3286
32524,0.008,3287
31339,0.008,3288
13641,0.008,3289
37474,0.008,3290
20688,0.008,3291
7151,0.008,3292
27744,0.008,3293
16326,0.008,3294
6196,0.008,3295
36940,0.008,3296
39022,0.008,3297
38635,0.008,3298
27919,0.008,3299
14532,0.008,3300
6999,0.008,3301
30108,0.008,3302
31595,0.008,3303
48,0.008,3304
25270,0.008,3305
3810,0.008,3306
7863,0.008,3307
10288,0.008,3308
41940,0.008,3309
1497,0.008,3310
29473,0.008,3311
34419,0.008,3312
19168,0.008,3313
7971,0.008,3314
5852,0.008,3315
29203,0.008,3316
29690,0.008,3317
23208,0.008,3318
10870,0.008,3319
17286,0.008,3320
42039,0.008,3321
35639,0.008,3322
20704,0.008,3323
18096,0.008,3324
16513,0.008,3325
17737,0.008,3326
5747,0.008,3327
2530,0.008,3328
10323,0.008,3329
6489,0.008,3330
22436,0.008,3331
38687,0.008,3332
40097,0.008,3333
20398,0.008,3334
363,0.008,3335
41169,0.008,3336
2014,0.008,3337
18185,0.008,3338
34559,0.008,3339
38078,0.008,3340
41418,0.008,3341
5711,0.008,3342
20164,0.008,3343
31665,0.008,3344
12389,0.008,3345
14944,0.008,3346
33574,0.008,3347
32765,0.008,3348
34628,0.008,3349
20403,0.008,3350
5712,0.008,3351
11961,0.008,3352
20616,0.008,3353
31183,0.008,3354
25245,0.008,3355
19336,0.008,3356
36186,0.008,3357
37371,0.008,3358
19697,0.008,3359
18636,0.008,3360
21968,0.008,3361
15036,0.008,3362
7931,0.008,3363
30494,0.008,3364
28281,0.008,3365
14618,0.008,3366
36527,0.008,3367
955,0.008,3368
23788,0.008,3369
26245,0.008,3370
21299,0.008,3371
31117,0.008,3372
1412,0.008,3373
27593,0.008,3374
18227,0.008,3375
22653,0.008,3376
19250,0.008,3377
17174,0.008,3378
41313,0.008,3379
13578,0.008,3380
24758,0.008,3381
40052,0.008,3382
35047,0.008,3383
40751,0.008,3384
12508,0.008,3385
28747,0.008,3386
7733,0.008,3387
33867,0.008,3388
37876,0.008,3389
38023,0.008,3390
33722,0.008,3391
20134,0.008,3392
589,0.008,3393
34223,0.008,3394
1077,0.008,3395
26234,0.008,3396
33059,0.008,3397
8168,0.008,3398
35051,0.008,3399
34441,0.008,3400
16946,0.008,3401
5763,0.008,3402
22764,0.008,3403
16857,0.008,3404
14974,0.008,3405
4925,0.008,3406
18901,0.008,3407
24835,0.008,3408
20187,0.008,3409
28152,0.008,3410
5234,0.008,3411
35155,0.008,3412
37288,0.008,3413
37520,0.008,3414
37442,0.008,3415
4093,0.008,3416
32281,0.008,3417
10946,0.008,3418
35000,0.008,3419
18137,0.008,3420
7452,0.008,3421
41772,0.008,3422
35252,0.008,3423
4791,0.008,3424
4854,0.008,3425
27349,0.008,3426
16054,0.008,3427
12953,0.008,3428
36912,0.008,3429
19490,0.008,3430
31820,0.008,3431
41220,0.008,3432
2541,0.008,3433
31338,0.008,3434
275,0.008,3435
37866,0.008,3436
6793,0.008,3437
35698,0.008,3438
28930,0.008,3439
3494,0.008,3440
20821,0.008,3441
14615,0.008,3442
13989,0.008,3443
14173,0.008,3444
37427,0.008,3445
24539,0.008,3446
31697,0.008,3447
27269,0.008,3448
32911,0.008,3449
28713,0.008,3450
18711,0.008,3451
40635,0.008,3452
16420,0.008,3453
14003,0.008,3454
17999,0.008,3455
16301,0.008,3456
29172,0.008,3457
28008,0.008,3458
18176,0.008,3459
31701,0.008,3460
13448,0.008,3461
25630,0.008,3462
1079,0.008,3463
22478,0.008,3464
18413,0.008,3465
8629,0.008,3466
20578,0.008,3467
17827,0.008,3468
37533,0.008,3469
38907,0.008,3470
19284,0.008,3471
15172,0.008,3472
19961,0.008,3473
31655,0.008,3474
5309,0.008,3475
5888,0.008,3476
33381,0.008,3477
1712,0.008,3478
1271,0.008,3479
30401,0.008,3480
2123,0.008,3481
16643,0.008,3482
5100,0.008,3483
23217,0.008,3484
23994,0.008,3485
40142,0.008,3486
19563,0.008,3487
29969,0.008,3488
22187,0.008,3489
17338,0.008,3490
35858,0.008,3491
8439,0.008,3492
31049,0.008,3493
27562,0.008,3494
11184,0.008,3495
13792,0.008,3496
14871,0.008,3497
16396,0.008,3498
32685,0.008,3499
3773,0.008,3500
14296,0.008,3501
6788,0.008,3502
5637,0.008,3503
33918,0.008,3504
39650,0.008,3505
13781,0.008,3506
24880,0.008,3507
4562,0.008,3508
31083,0.008,3509
2559,0.008,3510
26037,0.008,3511
27911,0.008,3512
9782,0.008,3513
20415,0.008,3514
9906,0.008,3515
4295,0.008,3516
29429,0.008,3517
33107,0.008,3518
33713,0.008,3519
38609,0.008,3520
35434,0.008,3521
34937,0.008,3522
29087,0.008,3523
28887,0.008,3524
19889,0.008,3525
9530,0.008,3526
23226,0.008,3527
9783,0.008,3528
7647,0.008,3529
26554,0.008,3530
40424,0.008,3531
31148,0.008,3532
33654,0.008,3533
23859,0.008,3534
35070,0.008,3535
36141,0.006,3536
7424,0.006,3537
7227,0.006,3538
25749,0.006,3539
17725,0.006,3540
13733,0.006,3541
35610,0.006,3542
26679,0.006,3543
30992,0.006,3544
16892,0.006,3545
16006,0.006,3546
36725,0.006,3547
20532,0.006,3548
35491,0.006,3549
9492,0.006,3550
17053,0.006,3551
13838,0.006,3552
26968,0.006,3553
24168,0.006,3554
20656,0.006,3555
30996,0.006,3556
30934,0.006,3557
5629,0.006,3558
17698,0.006,3559
19673,0.006,3560
15844,0.006,3561
9808,0.006,3562
36239,0.006,3563
28909,0.006,3564
38942,0.006,3565
18221,0.006,3566
31337,0.006,3567
19484,0.006,3568
37035,0.006,3569
18585,0.006,3570
5474,0.006,3571
38145,0.006,3572
37054,0.006,3573
35647,0.006,3574
18613,0.006,3575
30178,0.006,3576
24232,0.006,3577
696,0.006,3578
16548,0.006,3579
19733,0.006,3580
18228,0.006,3581
34280,0.006,3582
29713,0.006,3583
13894,0.006,3584
40437,0.006,3585
31107,0.006,3586
36120,0.006,3587
23399,0.006,3588
8433,0.006,3589
39890,0.006,3590
32138,0.006,3591
13954,0.006,3592
36406,0.006,3593
33075,0.006,3594
28862,0.006,3595
23753,0.006,3596
41494,0.006,3597
18080,0.006,3598
31997,0.006,3599
26931,0.006,3600
19039,0.006,3601
30764,0.006,3602
14638,0.006,3603
2055,0.006,3604
34338,0.006,3605
21087,0.006,3606
25902,0.006,3607
32666,0.006,3608
2456,0.006,3609
26018,0.006,3610
22464,0.006,3611
5710,0.006,3612
40990,0.006,3613
26466,0.006,3614
23869,0.006,3615
38764,0.006,3616
1833,0.006,3617
5786,0.006,3618
27558,0.006,3619
24241,0.006,3620
2725,0.006,3621
35372,0.006,3622
37444,0.006,3623
19006,0.006,3624
3113,0.006,3625
30740,0.006,3626
19403,0.006,3627
30037,0.006,3628
31574,0.006,3629
29488,0.006,3630
18831,0.006,3631
39623,0.006,3632
24236,0.006,3633
18863,0.006,3634
748,0.006,3635
35149,0.006,3636
23027,0.006,3637
41079,0.006,3638
32465,0.006,3639
37503,0.006,3640
40935,0.006,3641
16609,0.006,3642
3447,0.006,3643
15740,0.006,3644
15268,0.006,3645
22289,0.006,3646
19373,0.006,3647
15294,0.006,3648
17522,0.006,3649
15409,0.006,3650
24846,0.006,3651
23990,0.006,3652
17434,0.006,3653
849,0.006,3654
3687,0.006,3655
34385,0.006,3656
19340,0.006,3657
5680,0.006,3658
33061,0.006,3659
25129,0.006,3660
15598,0.006,3661
36993,0.006,3662
18774,0.006,3663
14736,0.006,3664
38886,0.006,3665
28230,0.006,3666
5004,0.006,3667
14394,0.006,3668
1508,0.006,3669
2983,0.006,3670
18154,0.006,3671
2299,0.006,3672
7717,0.006,3673
36357,0.006,3674
18458,0.006,3675
23089,0.006,3676
36442,0.006,3677
6276,0.006,3678
19137,0.006,3679
6724,0.006,3680
30660,0.006,3681
36653,0.006,3682
41526,0.006,3683
35052,0.006,3684
11839,0.006,3685
16783,0.006,3686
26755,0.006,3687
41105,0.006,3688
8823,0.006,3689
1195,0.006,3690
22772,0.006,3691
40311,0.006,3692
36389,0.006,3693
13697,0.006,3694
15485,0.006,3695
13992,0.006,3696
14230,0.006,3697
41014,0.006,3698
31125,0.006,3699
4554,0.006,3700
22828,0.006,3701
13819,0.006,3702
28165,0.006,3703
56,0.006,3704
2111,0.006,3705
22969,0.006,3706
30357,0.006,3707
14885,0.006,3708
5577,0.006,3709
8442,0.006,3710
21423,0.006,3711
18258,0.006,3712
7651,0.006,3713
23090,0.006,3714
27078,0.006,3715
31929,0.006,3716
32744,0.006,3717
37778,0.006,3718
8803,0.006,3719
31343,0.006,3720
36688,0.006,3721
15924,0.006,3722
11066,0.006,3723
3232,0.006,3724
32535,0.006,3725
32379,0.006,3726
22181,0.006,3727
30953,0.006,3728
26303,0.006,3729
527,0.006,3730
11880,0.006,3731
29240,0.006,3732
438,0.006,3733
5376,0.006,3734
30967,0.006,3735
31980,0.006,3736
33999,0.006,3737
28076,0.006,3738
27488,0.006,3739
28116,0.006,3740
15661,0.006,3741
32256,0.006,3742
39688,0.006,3743
4415,0.006,3744
33053,0.006,3745
15808,0.006,3746
12862,0.006,3747
13946,0.006,3748
23620,0.006,3749
40572,0.006,3750
24773,0.006,3751
40820,0.006,3752
39644,0.006,3753
12032,0.006,3754
4451,0.006,3755
32704,0.006,3756
31700,0.006,3757
36238,0.006,3758
26889,0.006,3759
20327,0.006,3760
7370,0.006,3761
17544,0.006,3762
14194,0.006,3763
30646,0.006,3764
13774,0.006,3765
25988,0.006,3766
37867,0.006,3767
41455,0.006,3768
37850,0.006,3769
14991,0.006,3770
37083,0.006,3771
4084,0.006,3772
22848,0.006,3773
35766,0.006,3774
25636,0.006,3775
16481,0.006,3776
22673,0.006,3777
1737,0.006,3778
36548,0.006,3779
14583,0.006,3780
2321,0.006,3781
18460,0.006,3782
5528,0.006,3783
41104,0.006,3784
14779,0.006,3785
2653,0.006,3786
34233,0.006,3787
41334,0.006,3788
7621,0.006,3789
25148,0.006,3790
21810,0.006,3791
35002,0.006,3792
32614,0.006,3793
12161,0.006,3794
12800,0.006,3795
29664,0.006,3796
12706,0.006,3797
17196,0.006,3798
2060,0.006,3799
24797,0.006,3800
25757,0.006,3801
14430,0.006,3802
17452,0.006,3803
8229,0.006,3804
37677,0.006,3805
36516,0.006,3806
16378,0.006,3807
3418,0.006,3808
11915,0.006,3809
19276,0.006,3810
36104,0.006,3811
33329,0.006,3812
10432,0.006,3813
39187,0.006,3814
15105,0.006,3815
17219,0.006,3816
18641,0.006,3817
15122,0.006,3818
32797,0.006,3819
24606,0.006,3820
10120,0.006,3821
31678,0.006,3822
19032,0.006,3823
40218,0.006,3824
7142,0.006,3825
39347,0.006,3826
16261,0.006,3827
21731,0.006,3828
40639,0.006,3829
40154,0.006,3830
5765,0.006,3831
35134,0.006,3832
34000,0.006,3833
10177,0.006,3834
33084,0.006,3835
13639,0.006,3836
27033,0.006,3837
18428,0.006,3838
41988,0.006,3839
25470,0.006,3840
23294,0.006,3841
17424,0.006,3842
8406,0.006,3843
28906,0.006,3844
21865,0.006,3845
17458,0.006,3846
36530,0.006,3847
28077,0.006,3848
17563,0.006,3849
5853,0.006,3850
5154,0.006,3851
34888,0.004,3852
28239,0.004,3853
32874,0.004,3854
40479,0.004,3855
25281,0.004,3856
17967,0.004,3857
29102,0.004,3858
32224,0.004,3859
37191,0.004,3860
14431,0.004,3861
22944,0.004,3862
5107,0.004,3863
9071,0.004,3864
32216,0.004,3865
40288,0.004,3866
15074,0.004,3867
11864,0.004,3868
15871,0.004,3869
31415,0.004,3870
17789,0.004,3871
6611,0.004,3872
31095,0.004,3873
6179,0.004,3874
622,0.004,3875
30629,0.004,3876
41401,0.004,3877
25398,0.004,3878
9737,0.004,3879
14197,0.004,3880
18245,0.004,3881
24995,0.004,3882
11282,0.004,3883
15164,0.004,3884
32489,0.004,3885
1013,0.004,3886
17446,0.004,3887
12652,0.004,3888
22518,0.004,3889
11351,0.004,3890
16438,0.004,3891
8466,0.004,3892
11175,0.004,3893
35039,0.004,3894
32151,0.004,3895
2266,0.004,3896
35073,0.004,3897
17258,0.004,3898
25877,0.004,3899
35089,0.004,3900
20036,0.004,3901
33162,0.004,3902
12204,0.004,3903
20345,0.004,3904
23962,0.004,3905
32946,0.004,3906
34102,0.004,3907
10973,0.004,3908
33693,0.004,3909
13982,0.004,3910
13378,0.004,3911
95,0.004,3912
22304,0.004,3913
10331,0.004,3914
25888,0.004,3915
17036,0.004,3916
28049,0.004,3917
20930,0.004,3918
19058,0.004,3919
39948,0.004,3920
291,0.004,3921
7491,0.004,3922
34646,0.004,3923
27140,0.004,3924
7495,0.004,3925
26953,0.004,3926
32921,0.004,3927
25829,0.004,3928
17267,0.004,3929
26016,0.004,3930
17079,0.004,3931
39766,0.004,3932
7017,0.004,3933
30433,0.004,3934
2023,0.004,3935
33948,0.004,3936
22386,0.004,3937
11806,0.004,3938
37039,0.004,3939
22947,0.004,3940
23079,0.004,3941
41637,0.004,3942
2043,0.004,3943
14778,0.004,3944
37155,0.004,3945
38660,0.004,3946
31462,0.004,3947
27931,0.004,3948
26154,0.004,3949
19887,0.004,3950
19683,0.004,3951
38540,0.004,3952
14099,0.004,3953
20570,0.004,3954
29086,0.004,3955
39774,0.004,3956
35010,0.004,3957
7162,0.004,3958
15489,0.004,3959
1932,0.004,3960
33820,0.004,3961
23591,0.004,3962
22558,0.004,3963
5391,0.004,3964
23803,0.004,3965
23021,0.004,3966
32960,0.004,3967
31754,0.004,3968
38341,0.004,3969
18961,0.004,3970
4975,0.004,3971
36040,0.004,3972
28317,0.004,3973
21172,0.004,3974
40513,0.004,3975
21343,0.004,3976
28375,0.004,3977
10359,0.004,3978
26660,0.004,3979
1808,0.004,3980
24151,0.004,3981
11684,0.004,3982
34402,0.004,3983
36919,0.004,3984
20026,0.004,3985
15175,0.004,3986
12319,0.004,3987
7963,0.004,3988
30749,0.004,3989
17447,0.004,3990
31230,0.004,3991
6114,0.004,3992
24526,0.004,3993
14585,0.004,3994
37590,0.004,3995
12226,0.004,3996
10904,0.004,3997
15994,0.004,3998
37745,0.004,3999
4834,0.004,4000
25381,0.004,4001
12124,0.004,4002
20703,0.004,4003
33554,0.004,4004
38176,0.004,4005
10796,0.004,4006
30353,0.004,4007
36204,0.004,4008
36497,0.004,4009
24141,0.004,4010
12109,0.004,4011
11162,0.004,4012
28272,0.004,4013
23255,0.004,4014
20372,0.004,4015
11939,0.004,4016
23239,0.004,4017
5729,0.004,4018
33770,0.004,4019
24049,0.004,4020
18210,0.004,4021
20775,0.004,4022
16799,0.004,4023
36962,0.004,4024
25145,0.004,4025
21610,0.004,4026
16180,0.004,4027
22883,0.004,4028
26791,0.004,4029
14993,0.004,4030
35382,0.004,4031
22342,0.004,4032
5569,0.004,4033
12564,0.004,4034
12767,0.004,4035
1423,0.004,4036
24411,0.004,4037
23952,0.004,4038
2941,0.004,4039
37345,0.004,4040
34392,0.004,4041
29900,0.004,4042
24847,0.004,4043
5591,0.004,4044
36264,0.004,4045
34694,0.004,4046
4752,0.004,4047
11465,0.004,4048
28523,0.004,4049
39820,0.004,4050
1537,0.004,4051
11317,0.004,4052
21578,0.004,4053
7289,0.004,4054
24102,0.004,4055
24900,0.004,4056
37376,0.004,4057
33012,0.004,4058
3178,0.004,4059
36558,0.004,4060
41919,0.004,4061
7176,0.004,4062
6996,0.004,4063
41047,0.004,4064
35452,0.004,4065
24125,0.004,4066
602,0.004,4067
6883,0.004,4068
31008,0.004,4069
25125,0.004,4070
21248,0.004,4071
5782,0.004,4072
12157,0.004,4073
11929,0.004,4074
15942,0.004,4075
36036,0.004,4076
14476,0.004,4077
41701,0.004,4078
6495,0.004,4079
39545,0.004,4080
37929,0.004,4081
34121,0.004,4082
23973,0.004,4083
41830,0.004,4084
27533,0.004,4085
6709,0.004,4086
30419,0.004,4087
13702,0.004,4088
41449,0.004,4089
17938,0.004,4090
14260,0.004,4091
22396,0.004,4092
22761,0.004,4093
16445,0.004,4094
11744,0.004,4095
1317,0.004,4096
15851,0.004,4097
6091,0.004,4098
12580,0.004,4099
28511,0.004,4100
17808,0.004,4101
12582,0.004,4102
32813,0.004,4103
13831,0.004,4104
36884,0.004,4105
35760,0.004,4106
27242,0.004,4107
25785,0.004,4108
23098,0.004,4109
19645,0.004,4110
21906,0.004,4111
3462,0.004,4112
38913,0.004,4113
18400,0.004,4114
1806,0.004,4115
10385,0.004,4116
7973,0.004,4117
31590,0.004,4118
36565,0.004,4119
27528,0.004,4120
20230,0.004,4121
3016,0.004,4122
34771,0.004,4123
15896,0.004,4124
5218,0.004,4125
12047,0.004,4126
41386,0.004,4127
14925,0.004,4128
3628,0.004,4129
26989,0.004,4130
23972,0.004,4131
28196,0.004,4132
28513,0.004,4133
31711,0.004,4134
27394,0.004,4135
31449,0.004,4136
22241,0.004,4137
20027,0.004,4138
23341,0.004,4139
29727,0.004,4140
11676,0.004,4141
20647,0.004,4142
4111,0.004,4143
22405,0.004,4144
4390,0.004,4145
9502,0.004,4146
19257,0.004,4147
25960,0.004,4148
3351,0.004,4149
40540,0.004,4150
16485,0.004,4151
37614,0.004,4152
28162,0.004,4153
22967,0.004,4154
4260,0.004,4155
14095,0.004,4156
30528,0.004,4157
23854,0.004,4158
38353,0.004,4159
1268,0.004,4160
9659,0.004,4161
29632,0.004,4162
23180,0.004,4163
24478,0.004,4164
25007,0.004,4165
27796,0.004,4166
11059,0.004,4167
34823,0.004,4168
14156,0.004,4169
5584,0.004,4170
38423,0.004,4171
37884,0.004,4172
25759,0.004,4173
36828,0.004,4174
27865,0.004,4175
34267,0.004,4176
25189,0.004,4177
34989,0.004,4178
41029,0.004,4179
18933,0.004,4180
37697,0.004,4181
24170,0.004,4182
19154,0.004,4183
27988,0.004,4184
36157,0.004,4185
32048,0.004,4186
41195,0.004,4187
7877,0.004,4188
19361,0.004,4189
20386,0.004,4190
22257,0.004,4191
5791,0.004,4192
739,0.004,4193
32693,0.004,4194
15116,0.004,4195
17792,0.004,4196
39616,0.004,4197
24524,0.004,4198
33327,0.004,4199
14649,0.004,4200
16406,0.004,4201
1293,0.004,4202
41640,0.004,4203
18201,0.004,4204
36377,0.004,4205
31565,0.004,4206
20215,0.004,4207
32729,0.004,4208
11327,0.004,4209
35601,0.004,4210
9120,0.004,4211
3047,0.004,4212
13806,0.004,4213
33744,0.004,4214
34972,0.004,4215
10508,0.004,4216
30855,0.004,4217
2067,0.004,4218
25429,0.004,4219
39699,0.004,4220
23824,0.004,4221
28339,0.004,4222
25097,0.004,4223
20111,0.002,4224
23273,0.002,4225
1348,0.002,4226
24227,0.002,4227
997,0.002,4228
16379,0.002,4229
31256,0.002,4230
27248,0.002,4231
12635,0.002,4232
28320,0.002,4233
24492,0.002,4234
4116,0.002,4235
5411,0.002,4236
33747,0.002,4237
26509,0.002,4238
23810,0.002,4239
29315,0.002,4240
4902,0.002,4241
1875,0.002,4242
7335,0.002,4243
14984,0.002,4244
39393,0.002,4245
30835,0.002,4246
786,0.002,4247
37287,0.002,4248
1660,0.002,4249
20844,0.002,4250
22915,0.002,4251
13451,0.002,4252
16804,0.002,4253
25701,0.002,4254
15619,0.002,4255
1265,0.002,4256
25353,0.002,4257
23082,0.002,4258
14074,0.002,4259
805,0.002,4260
18436,0.002,4261
33621,0.002,4262
32347,0.002,4263
2057,0.002,4264
6617,0.002,4265
40692,0.002,4266
7070,0.002,4267
30412,0.002,4268
5491,0.002,4269
4065,0.002,4270
372,0.002,4271
5605,0.002,4272
23833,0.002,4273
39300,0.002,4274
26487,0.002,4275
14756,0.002,4276
7254,0.002,4277
30328,0.002,4278
4150,0.002,4279
34225,0.002,4280
40436,0.002,4281
36250,0.002,4282
18223,0.002,4283
12572,0.002,4284
7021,0.002,4285
40156,0.002,4286
5210,0.002,4287
34113,0.002,4288
36505,0.002,4289
18818,0.002,4290
6293,0.002,4291
19463,0.002,4292
7180,0.002,4293
41271,0.002,4294
32984,0.002,4295
16632,0.002,4296
34220,0.002,4297
22137,0.002,4298
571,0.002,4299
26882,0.002,4300
32859,0.002,4301
29115,0.002,4302
24202,0.002,4303
17170,0.002,4304
34124,0.002,4305
26329,0.002,4306
30636,0.002,4307
3791,0.002,4308
7250,0.002,4309
2132,0.002,4310
10950,0.002,4311
12458,0.002,4312
4894,0.002,4313
24503,0.002,4314
33050,0.002,4315
27156,0.002,4316
32938,0.002,4317
33368,0.002,4318
5330,0.002,4319
7386,0.002,4320
37408,0.002,4321
15621,0.002,4322
37618,0.002,4323
40079,0.002,4324
9799,0.002,4325
8788,0.002,4326
16333,0.002,4327
3506,0.002,4328
24246,0.002,4329
33037,0.002,4330
16101,0.002,4331
17217,0.002,4332
33472,0.002,4333
41140,0.002,4334
36857,0.002,4335
30327,0.002,4336
28935,0.002,4337
33086,0.002,4338
6167,0.002,4339
32894,0.002,4340
22132,0.002,4341
7828,0.002,4342
17073,0.002,4343
5012,0.002,4344
9629,0.002,4345
37869,0.002,4346
18260,0.002,4347
18149,0.002,4348
15139,0.002,4349
24744,0.002,4350
28195,0.002,4351
31463,0.002,4352
17765,0.002,4353
23242,0.002,4354
26133,0.002,4355
29481,0.002,4356
7459,0.002,4357
41675,0.002,4358
15145,0.002,4359
19432,0.002,4360
7798,0.002,4361
41806,0.002,4362
6994,0.002,4363
33518,0.002,4364
30265,0.002,4365
1091,0.002,4366
39723,0.002,4367
34608,0.002,4368
34908,0.002,4369
35151,0.002,4370
6837,0.002,4371
18610,0.002,4372
7156,0.002,4373
5067,0.002,4374
25941,0.002,4375
18261,0.002,4376
752,0.002,4377
6928,0.002,4378
6052,0.002,4379
2353,0.002,4380
3647,0.002,4381
33288,0.002,4382
19422,0.002,4383
15534,0.002,4384
32466,0.002,4385
8004,0.002,4386
40744,0.002,4387
32700,0.002,4388
30165,0.002,4389
19485,0.002,4390
29696,0.002,4391
655,0.002,4392
16551,0.002,4393
18411,0.002,4394
10007,0.002,4395
28250,0.002,4396
15826,0.002,4397
16808,0.002,4398
24095,0.002,4399
23782,0.002,4400
18958,0.002,4401
37698,0.002,4402
33708,0.002,4403
3205,0.002,4404
34360,0.002,4405
17093,0.002,4406
15649,0.002,4407
32122,0.002,4408
8095,0.002,4409
37722,0.002,4410
35519,0.002,4411
3268,0.002,4412
14935,0.002,4413
36088,0.002,4414
20848,0.002,4415
33978,0.002,4416
38678,0.002,4417
32201,0.002,4418
34833,0.002,4419
16335,0.002,4420
31543,0.002,4421
17141,0.002,4422
41071,0.002,4423
15288,0.002,4424
36923,0.002,4425
34412,0.002,4426
26413,0.002,4427
20636,0.002,4428
1924,0.002,4429
7615,0.002,4430
19793,0.002,4431
24786,0.002,4432
10380,0.002,4433
23441,0.002,4434
31269,0.002,4435
6544,0.002,4436
17730,0.002,4437
38975,0.002,4438
29757,0.002,4439
34773,0.002,4440
33795,0.002,4441
17190,0.002,4442
25561,0.002,4443
16291,0.002,4444
28768,0.002,4445
29691,0.002,4446
21487,0.002,4447
17312,0.002,4448
25524,0.002,4449
16851,0.002,4450
36647,0.002,4451
28650,0.002,4452
40849,0.002,4453
28,0.002,4454
21801,0.002,4455
9250,0.002,4456
6740,0.002,4457
37961,0.002,4458
39979,0.002,4459
5805,0.002,4460
15017,0.002,4461
36745,0.002,4462
15363,0.002,4463
4674,0.002,4464
22234,0.002,4465
30619,0.002,4466
12252,0.002,4467
5673,0.002,4468
1730,0.002,4469
18529,0.002,4470
20683,0.002,4471
17045,0.002,4472
11585,0.002,4473
29978,0.002,4474
35234,0.002,4475
3969,0.002,4476
5337,0.002,4477
25081,0.002,4478
2498,0.002,4479
36327,0.002,4480
25769,0.002,4481
14890,0.002,4482
17834,0.002,4483
35824,0.002,4484
29604,0.002,4485
7220,0.002,4486
3927,0.002,4487
39925,0.002,4488
18785,0.002,4489
33663,0.002,4490
9733,0.002,4491
16237,0.002,4492
31992,0.002,4493
36491,0.002,4494
17153,0.002,4495
38926,0.002,4496
25392,0.002,4497
18303,0.002,4498
15111,0.002,4499
7297,0.002,4500
12958,0.002,4501
25894,0.002,4502
2928,0.002,4503
41108,0.002,4504
32940,0.002,4505
1559,0.002,4506
2567,0.002,4507
39413,0.002,4508
29237,0.002,4509
32368,0.002,4510
29118,0.002,4511
24732,0.002,4512
18778,0.002,4513
38668,0.002,4514
15214,0.002,4515
7216,0.002,4516
9021,0.002,4517
39767,0.002,4518
17629,0.002,4519
22540,0.002,4520
32683,0.002,4521
15305,0.002,4522
28262,0.002,4523
40208,0.002,4524
2732,0.002,4525
18166,0.002,4526
28246,0.002,4527
40830,0.002,4528
34363,0.002,4529
12233,0.002,4530
27611,0.002,4531
32230,0.002,4532
9052,0.002,4533
6370,0.002,4534
18852,0.002,4535
33955,0.002,4536
834,0.002,4537
34406,0.002,4538
19282,0.002,4539
27200,0.002,4540
11193,0.002,4541
19274,0.002,4542
17860,0.002,4543
4194,0.002,4544
32226,0.002,4545
27652,0.002,4546
14591,0.002,4547
41398,0.002,4548
17875,0.002,4549
6265,0.002,4550
32127,0.002,4551
3972,0.002,4552
12657,0.002,4553
17994,0.002,4554
5051,0.002,4555
8457,0.002,4556
15882,0.002,4557
2147,0.002,4558
12378,0.002,4559
28621,0.002,4560
33874,0.002,4561
8251,0.002,4562
33224,0.002,4563
23738,0.002,4564
39795,0.002,4565
37095,0.002,4566
657,0.002,4567
5468,0.002,4568
14682,0.002,4569
19523,0.002,4570
1943,0.002,4571
20678,0.002,4572
8424,0.002,4573
41700,0.002,4574
2730,0.002,4575
2722,0.002,4576
35178,0.002,4577
1404,0.002,4578
14350,0.002,4579
35877,0.002,4580
13786,0.002,4581
6988,0.002,4582
33590,0.002,4583
25586,0.002,4584
16241,0.002,4585
34089,0.002,4586
36765,0.002,4587
29316,0.002,4588
23116,0.002,4589
39703,0.002,4590
710,0.002,4591
24176,0.002,4592
35624,0.002,4593
724,0.002,4594
21284,0.002,4595
27630,0.002,4596
16370,0.002,4597
5187,0.002,4598
377,0.002,4599
25565,0.002,4600
32196,0.002,4601
24139,0.002,4602
1686,0.002,4603
25476,0.002,4604
13303,0.002,4605
7829,0.002,4606
36586,0.002,4607
18164,0.002,4608
18527,0.002,4609
20586,0.002,4610
33303,0.002,4611
41488,0.002,4612
31284,0.002,4613
41752,0.002,4614
19634,0.002,4615
17432,0.002,4616
8620,0.002,4617
28006,0.002,4618
942,0.002,4619
14478,0.002,4620
29347,0.002,4621
12361,0.002,4622
8115,0.002,4623
27591,0.002,4624
37970,0.002,4625
19180,0.002,4626
34790,0.002,4627
17592,0.002,4628
15261,0.002,4629
1024,0.002,4630
35179,0.002,4631
22907,0.002,4632
37600,0.002,4633
14080,0.002,4634
1658,0.002,4635
488,0.002,4636
25865,0.002,4637
27570,0.002,4638
33109,0.002,4639
15947,0.002,4640
14226,0.002,4641
22984,0.002,4642
1622,0.002,4643
28353,0.002,4644
24373,0.002,4645
10225,0.002,4646
19371,0,4647
8316,0,4648
16136,0,4649
27493,0,4650
3199,0,4651
18395,0,4652
32784,0,4653
2005,0,4654
13059,0,4655
41460,0,4656
38367,0,4657
26177,0,4658
20096,0,4659
35171,0,4660
30908,0,4661
11126,0,4662
17953,0,4663
42006,0,4664
71,0,4665
1649,0,4666
27860,0,4667
1505,0,4668
15239,0,4669
14598,0,4670
41990,0,4671
8111,0,4672
119,0,4673
21793,0,4674
12836,0,4675
17807,0,4676
14103,0,4677
34938,0,4678
37636,0,4679
34607,0,4680
6421,0,4681
1678,0,4682
14840,0,4683
1728,0,4684
13139,0,4685
25455,0,4686
38018,0,4687
33962,0,4688
15585,0,4689
19255,0,4690
5112,0,4691
19328,0,4692
6850,0,4693
17704,0,4694
14827,0,4695
20072,0,4696
1165,0,4697
18086,0,4698
9862,0,4699
19358,0,4700
28476,0,4701
16014,0,4702
7041,0,4703
33335,0,4704
33883,0,4705
22273,0,4706
1368,0,4707
30565,0,4708
22450,0,4709
17682,0,4710
18617,0,4711
28236,0,4712
7122,0,4713
3833,0,4714
11953,0,4715
12091,0,4716
1767,0,4717
5313,0,4718
41948,0,4719
14743,0,4720
36678,0,4721
34555,0,4722
4540,0,4723
24385,0,4724
32805,0,4725
33477,0,4726
12357,0,4727
37626,0,4728
40340,0,4729
3824,0,4730
2017,0,4731
24667,0,4732
32516,0,4733
10675,0,4734
32093,0,4735
12794,0,4736
7157,0,4737
19742,0,4738
1316,0,4739
28997,0,4740
31497,0,4741
23945,0,4742
2420,0,4743
4345,0,4744
38002,0,4745
34703,0,4746
10006,0,4747
33210,0,4748
21777,0,4749
31012,0,4750
21842,0,4751
18173,0,4752
18270,0,4753
37936,0,4754
623,0,4755
37857,0,4756
35732,0,4757
31928,0,4758
32300,0,4759
5721,0,4760
24817,0,4761
8244,0,4762
37268,0,4763
30637,0,4764
35641,0,4765
41034,0,4766
29515,0,4767
19582,0,4768
11190,0,4769
41252,0,4770
29170,0,4771
34641,0,4772
29152,0,4773
32328,0,4774
19455,0,4775
28096,0,4776
670,0,4777
9804,0,4778
12758,0,4779
6742,0,4780
25531,0,4781
23921,0,4782
28187,0,4783
32551,0,4784
29692,0,4785
26539,0,4786
14329,0,4787
32321,0,4788
5128,0,4789
972,0,4790
2241,0,4791
28258,0,4792
30241,0,4793
35004,0,4794
23078,0,4795
1290,0,4796
32534,0,4797
38000,0,4798
40192,0,4799
31145,0,4800
39763,0,4801
8357,0,4802
18226,0,4803
26992,0,4804
20875,0,4805
19567,0,4806
14575,0,4807
30910,0,4808
1370,0,4809
22000,0,4810
31730,0,4811
34726,0,4812
31508,0,4813
12999,0,4814
19399,0,4815
29655,0,4816
35336,0,4817
34097,0,4818
30040,0,4819
11583,0,4820
32219,0,4821
35197,0,4822
24460,0,4823
39765,0,4824
20933,0,4825
28576,0,4826
10024,0,4827
23916,0,4828
5116,0,4829
8,0,4830
11232,0,4831
12792,0,4832
25106,0,4833
32982,0,4834
25253,0,4835
999,0,4836
17937,0,4837
41748,0,4838
863,0,4839
1780,0,4840
29648,0,4841
40291,0,4842
35724,0,4843
30292,0,4844
19424,0,4845
34925,0,4846
15862,0,4847
24476,0,4848
12391,0,4849
5267,0,4850
28151,0,4851
41899,0,4852
41383,0,4853
34467,0,4854
32762,0,4855
19548,0,4856
39929,0,4857
4705,0,4858
38075,0,4859
33276,0,4860
15569,0,4861
15838,0,4862
23264,0,4863
7567,0,4864
41402,0,4865
16916,0,4866
25980,0,4867
31131,0,4868
31668,0,4869
1546,0,4870
39814,0,4871
17970,0,4872
1114,0,4873
7974,0,4874
5001,0,4875
36751,0,4876
34500,0,4877
29535,0,4878
28782,0,4879
2073,0,4880
40114,0,4881
19338,0,4882
31257,0,4883
8341,0,4884
17230,0,4885
12609,0,4886
19100,0,4887
16959,0,4888
17244,0,4889
17355,0,4890
1876,0,4891
34744,0,4892
18239,0,4893
16097,0,4894
20679,0,4895
33833,0,4896
1402,0,4897
14028,0,4898
5639,0,4899
25230,0,4900
6876,0,4901
5394,0,4902
14747,0,4903
12078,0,4904
1377,0,4905
19014,0,4906
10931,0,4907
17956,0,4908
24453,0,4909
35224,0,4910
15098,0,4911
13910,0,4912
14405,0,4913
22960,0,4914
9809,0,4915
33802,0,4916
19332,0,4917
34369,0,4918
7680,0,4919
14799,0,4920
37837,0,4921
8749,0,4922
18049,0,4923
27155,0,4924
29525,0,4925
16071,0,4926
15189,0,4927
30854,0,4928
29596,0,4929
9587,0,4930
5226,0,4931
5342,0,4932
19988,0,4933
24320,0,4934
19193,0,4935
1539,0,4936
12778,0,4937
37581,0,4938
34819,0,4939
40916,0,4940
14187,0,4941
7618,0,4942
28332,0,4943
4081,0,4944
29753,0,4945
20411,0,4946
37834,0,4947
21416,0,4948
19767,0,4949
29606,0,4950
41443,0,4951
29898,0,4952
2054,0,4953
16618,0,4954
27255,0,4955
28691,0,4956
31878,0,4957
32943,0,4958
26917,0,4959
9284,0,4960
19104,0,4961
14382,0,4962
33608,0,4963
6379,0,4964
36360,0,4965
24906,0,4966
34693,0,4967
23288,0,4968
2783,0,4969
156,0,4970
17741,0,4971
11471,0,4972
36613,0,4973
34966,0,4974
5842,0,4975
30622,0,4976
30682,0,4977
30136,0,4978
24775,0,4979
20948,0,4980
33829,0,4981
13863,0,4982
5670,0,4983
19234,0,4984
34523,0,4985
12174,0,4986
6661,0,4987
32563,0,4988
26880,0,4989
16826,0,4990
5833,0,4991
40818,0,4992
24177,0,4993
12212,0,4994
38962,0,4995
25608,0,4996
32390,0,4997
33564,0,4998
16957,0,4999
39188,0,5000
